CITY_NAME,YEAR,CRACK_INDEX
AKRON,1980,0
AKRON,1981,-0.00013
AKRON,1982,0
AKRON,1983,0
AKRON,1984,0.000126
AKRON,1985,0.006259
AKRON,1986,0.001645
AKRON,1987,0.027097
AKRON,1988,0.05377
AKRON,1989,0.055252
AKRON,1990,0.006998
AKRON,1991,0.024807
AKRON,1992,0.034663
AKRON,1993,0.045205
AKRON,1994,0.026353
AKRON,1995,0.007243
AKRON,1996,0.052564
AKRON,1997,0.023867
AKRON,1998,0.100516
AKRON,1999,0.055294
AKRON,2000,0.046941
ALBUQUE,1980,-0.00641
ALBUQUE,1981,-0.01407
ALBUQUE,1982,0.03024
ALBUQUE,1983,-0.02892
ALBUQUE,1984,-0.00888
ALBUQUE,1985,0.019065
ALBUQUE,1986,0.216786
ALBUQUE,1987,0.278968
ALBUQUE,1988,1.062396
ALBUQUE,1989,1.370035
ALBUQUE,1990,1.24349
ALBUQUE,1991,0.945905
ALBUQUE,1992,1.274741
ALBUQUE,1993,1.556723
ALBUQUE,1994,2.136293
ALBUQUE,1995,1.545176
ALBUQUE,1996,1.817131
ALBUQUE,1997,1.944207
ALBUQUE,1998,2.372433
ALBUQUE,1999,3.370799
ALBUQUE,2000,2.167679
ALLENTOW,1980,-0.03329
ALLENTOW,1981,-0.05238
ALLENTOW,1982,0.038127
ALLENTOW,1983,0
ALLENTOW,1984,0.047537
ALLENTOW,1985,0.157625
ALLENTOW,1986,0.239576
ALLENTOW,1987,0.348241
ALLENTOW,1988,0.378171
ALLENTOW,1989,0.963901
ALLENTOW,1990,0.996687
ALLENTOW,1991,1.226265
ALLENTOW,1992,0.813312
ALLENTOW,1993,1.012525
ALLENTOW,1994,1.415404
ALLENTOW,1995,1.542527
ALLENTOW,1996,1.038031
ALLENTOW,1997,1.175402
ALLENTOW,1998,0.931896
ALLENTOW,1999,0.884406
ALLENTOW,2000,1.135644
AMARILLO,1980,-0.00696
AMARILLO,1981,-0.00917
AMARILLO,1982,-0.02109
AMARILLO,1983,-0.02094
AMARILLO,1984,0.067253
AMARILLO,1985,-0.0145
AMARILLO,1986,-0.00035
AMARILLO,1987,0.139478
AMARILLO,1988,0.177214
AMARILLO,1989,0.202912
AMARILLO,1990,0.164728
AMARILLO,1991,0.420242
AMARILLO,1992,0.385303
AMARILLO,1993,0.621709
AMARILLO,1994,0.346429
AMARILLO,1995,0.502221
AMARILLO,1996,0.468101
AMARILLO,1997,0.242495
AMARILLO,1998,0.098413
AMARILLO,1999,0.606411
AMARILLO,2000,0.285995
ANAHEIM,1980,-0.20624
ANAHEIM,1981,0.048313
ANAHEIM,1982,0.040753
ANAHEIM,1983,-0.06392
ANAHEIM,1984,0.182935
ANAHEIM,1985,0.36234
ANAHEIM,1986,0.513352
ANAHEIM,1987,0.851175
ANAHEIM,1988,0.993806
ANAHEIM,1989,1.239147
ANAHEIM,1990,0.786511
ANAHEIM,1991,0.797687
ANAHEIM,1992,1.271939
ANAHEIM,1993,1.165207
ANAHEIM,1994,1.066473
ANAHEIM,1995,0.297462
ANAHEIM,1996,0.725709
ANAHEIM,1997,0.707022
ANAHEIM,1998,1.277504
ANAHEIM,1999,0.611468
ANAHEIM,2000,0.419946
ANCHORA,1980,-0.0022
ANCHORA,1981,-0.02075
ANCHORA,1982,-0.13475
ANCHORA,1983,0.024691
ANCHORA,1984,0.149588
ANCHORA,1985,0.046703
ANCHORA,1986,0.178146
ANCHORA,1987,-0.05331
ANCHORA,1988,0.155082
ANCHORA,1989,0.258494
ANCHORA,1990,-0.01837
ANCHORA,1991,0.075762
ANCHORA,1992,-0.04434
ANCHORA,1993,-0.15459
ANCHORA,1994,0.048759
ANCHORA,1995,0.297473
ANCHORA,1996,0.577169
ANCHORA,1997,0.249829
ANCHORA,1998,0.070978
ANCHORA,1999,0.520396
ANCHORA,2000,0.284282
ANN_ARBO,1980,0.001453
ANN_ARBO,1981,-0.00156
ANN_ARBO,1982,-0.01608
ANN_ARBO,1983,-0.01608
ANN_ARBO,1984,0.075258
ANN_ARBO,1985,0.021333
ANN_ARBO,1986,0.128932
ANN_ARBO,1987,0.191241
ANN_ARBO,1988,0.072315
ANN_ARBO,1989,-0.00025
ANN_ARBO,1990,-0.02274
ANN_ARBO,1991,-0.01232
ANN_ARBO,1992,-0.00514
ANN_ARBO,1993,0.115075
ANN_ARBO,1994,0.115233
ANN_ARBO,1995,0.007787
ANN_ARBO,1996,0.325306
ANN_ARBO,1997,-0.01458
ANN_ARBO,1998,0.555793
ANN_ARBO,1999,-0.0298
ANN_ARBO,2000,-0.01608
ARLINGTO,1980,-0.00556
ARLINGTO,1981,-0.00556
ARLINGTO,1982,-0.03319
ARLINGTO,1983,0.087518
ARLINGTO,1984,-0.01083
ARLINGTO,1985,0.041128
ARLINGTO,1986,0.166651
ARLINGTO,1987,0.232569
ARLINGTO,1988,0.937334
ARLINGTO,1989,2.440252
ARLINGTO,1990,0.579547
ARLINGTO,1991,0.575309
ARLINGTO,1992,0.615073
ARLINGTO,1993,0.816995
ARLINGTO,1994,0.602526
ARLINGTO,1995,0.803889
ARLINGTO,1996,1.114445
ARLINGTO,1997,0.845126
ARLINGTO,1998,1.145437
ARLINGTO,1999,0.857591
ARLINGTO,2000,0.784703
ATLANTA,1980,-0.1602
ATLANTA,1981,-0.23875
ATLANTA,1982,-0.08471
ATLANTA,1983,0.100393
ATLANTA,1984,0.394394
ATLANTA,1985,0.432202
ATLANTA,1986,1.05206
ATLANTA,1987,1.981429
ATLANTA,1988,2.849785
ATLANTA,1989,4.34395
ATLANTA,1990,3.936904
ATLANTA,1991,4.435587
ATLANTA,1992,3.27064
ATLANTA,1993,3.180477
ATLANTA,1994,4.414542
ATLANTA,1995,4.42768
ATLANTA,1996,4.559455
ATLANTA,1997,4.229733
ATLANTA,1998,4.583896
ATLANTA,1999,3.975283
ATLANTA,2000,3.995332
AURORA_C,1980,-0.00163
AURORA_C,1981,0.001009
AURORA_C,1982,-0.03697
AURORA_C,1983,-0.00862
AURORA_C,1984,0.107467
AURORA_C,1985,0.005208
AURORA_C,1986,0.018588
AURORA_C,1987,0.007674
AURORA_C,1988,0.144428
AURORA_C,1989,0.086217
AURORA_C,1990,0.063162
AURORA_C,1991,0.177326
AURORA_C,1992,0.112072
AURORA_C,1993,0.443636
AURORA_C,1994,0.389316
AURORA_C,1995,0.074907
AURORA_C,1996,0.140486
AURORA_C,1997,0.256924
AURORA_C,1998,0.050254
AURORA_C,1999,0.532502
AURORA_C,2000,0.588321
AUSTIN,1980,-0.01769
AUSTIN,1981,-0.0452
AUSTIN,1982,0.07276
AUSTIN,1983,0.014623
AUSTIN,1984,-0.02449
AUSTIN,1985,-0.02557
AUSTIN,1986,0.164776
AUSTIN,1987,0.345216
AUSTIN,1988,0.431391
AUSTIN,1989,0.595983
AUSTIN,1990,0.459227
AUSTIN,1991,0.675892
AUSTIN,1992,0.403272
AUSTIN,1993,0.61689
AUSTIN,1994,0.774847
AUSTIN,1995,1.045564
AUSTIN,1996,0.934045
AUSTIN,1997,0.823386
AUSTIN,1998,0.802177
AUSTIN,1999,0.761381
AUSTIN,2000,0.661213
BALTIMOR,1980,-0.00905
BALTIMOR,1981,0.007915
BALTIMOR,1982,-0.05332
BALTIMOR,1983,-0.01805
BALTIMOR,1984,0.072497
BALTIMOR,1985,0.09458
BALTIMOR,1986,0.401195
BALTIMOR,1987,0.419826
BALTIMOR,1988,1.389434
BALTIMOR,1989,2.15629
BALTIMOR,1990,1.389024
BALTIMOR,1991,0.672613
BALTIMOR,1992,1.605493
BALTIMOR,1993,2.640492
BALTIMOR,1994,3.069624
BALTIMOR,1995,2.802871
BALTIMOR,1996,3.311673
BALTIMOR,1997,2.979915
BALTIMOR,1998,3.259763
BALTIMOR,1999,2.937121
BALTIMOR,2000,1.18365
BATON_RO,1980,-0.0284
BATON_RO,1981,-0.02646
BATON_RO,1982,-0.0407
BATON_RO,1983,0.041075
BATON_RO,1984,0.06825
BATON_RO,1985,0.150594
BATON_RO,1986,-0.04304
BATON_RO,1987,0.123519
BATON_RO,1988,0.284579
BATON_RO,1989,1.296997
BATON_RO,1990,0.716555
BATON_RO,1991,0.883519
BATON_RO,1992,0.665319
BATON_RO,1993,0.851737
BATON_RO,1994,0.837561
BATON_RO,1995,1.232205
BATON_RO,1996,1.301732
BATON_RO,1997,1.224385
BATON_RO,1998,1.195282
BATON_RO,1999,1.578808
BATON_RO,2000,0.880111
BEAUMON,1980,-0.03506
BEAUMON,1981,0.019418
BEAUMON,1982,-0.01379
BEAUMON,1983,0.022234
BEAUMON,1984,0.007355
BEAUMON,1985,0.148434
BEAUMON,1986,0.096277
BEAUMON,1987,0.140626
BEAUMON,1988,0.440522
BEAUMON,1989,0.160223
BEAUMON,1990,1.01367
BEAUMON,1991,0.937039
BEAUMON,1992,0.786067
BEAUMON,1993,0
BEAUMON,1994,0.771504
BEAUMON,1995,0.845675
BEAUMON,1996,0.814047
BEAUMON,1997,0.776873
BEAUMON,1998,1.097185
BEAUMON,1999,0.991733
BEAUMON,2000,0.765869
BIRMINGH,1980,-0.00406
BIRMINGH,1981,-0.00723
BIRMINGH,1982,-0.00507
BIRMINGH,1983,0.029626
BIRMINGH,1984,-0.00389
BIRMINGH,1985,0.081751
BIRMINGH,1986,0.31517
BIRMINGH,1987,-0.00588
BIRMINGH,1988,0.277465
BIRMINGH,1989,0.418514
BIRMINGH,1990,0.507763
BIRMINGH,1991,0.354837
BIRMINGH,1992,0.129871
BIRMINGH,1993,0.493246
BIRMINGH,1994,0.245078
BIRMINGH,1995,0.430582
BIRMINGH,1996,0.779612
BIRMINGH,1997,0.502223
BIRMINGH,1998,0.533066
BIRMINGH,1999,0.564093
BIRMINGH,2000,0.624521
BOSTON,1980,-0.13203
BOSTON,1981,0.062505
BOSTON,1982,-0.21766
BOSTON,1983,0.001017
BOSTON,1984,0.310542
BOSTON,1985,0.912411
BOSTON,1986,2.323086
BOSTON,1987,2.474604
BOSTON,1988,2.969159
BOSTON,1989,3.661611
BOSTON,1990,2.701791
BOSTON,1991,2.643763
BOSTON,1992,3.067874
BOSTON,1993,3.810235
BOSTON,1994,3.917356
BOSTON,1995,3.783512
BOSTON,1996,3.3011
BOSTON,1997,3.50079
BOSTON,1998,3.085801
BOSTON,1999,3.111274
BOSTON,2000,3.128988
BRIDGEPO,1980,-0.26475
BRIDGEPO,1981,-0.08665
BRIDGEPO,1982,0.100001
BRIDGEPO,1983,0.087532
BRIDGEPO,1984,0.141019
BRIDGEPO,1985,0.539685
BRIDGEPO,1986,1.526634
BRIDGEPO,1987,1.294608
BRIDGEPO,1988,1.408952
BRIDGEPO,1989,1.142723
BRIDGEPO,1990,1.994029
BRIDGEPO,1991,1.478916
BRIDGEPO,1992,2.376929
BRIDGEPO,1993,2.918365
BRIDGEPO,1994,2.530772
BRIDGEPO,1995,2.578175
BRIDGEPO,1996,2.856334
BRIDGEPO,1997,2.311386
BRIDGEPO,1998,2.812672
BRIDGEPO,1999,2.731658
BRIDGEPO,2000,2.208054
BUFFALO,1980,0.016406
BUFFALO,1981,-0.27004
BUFFALO,1982,-0.05348
BUFFALO,1983,0.176717
BUFFALO,1984,0.094466
BUFFALO,1985,0.536343
BUFFALO,1986,0.396571
BUFFALO,1987,1.474071
BUFFALO,1988,1.543618
BUFFALO,1989,2.686898
BUFFALO,1990,2.328332
BUFFALO,1991,3.223206
BUFFALO,1992,3.979879
BUFFALO,1993,4.375447
BUFFALO,1994,4.56423
BUFFALO,1995,4.341214
BUFFALO,1996,5.010047
BUFFALO,1997,4.563145
BUFFALO,1998,3.93673
BUFFALO,1999,3.438927
BUFFALO,2000,3.21348
CEDAR_RA,1980,0.034284
CEDAR_RA,1981,-0.02647
CEDAR_RA,1982,0.004023
CEDAR_RA,1983,0
CEDAR_RA,1984,-0.01209
CEDAR_RA,1985,-0.03461
CEDAR_RA,1986,-0.03433
CEDAR_RA,1987,0
CEDAR_RA,1988,0
CEDAR_RA,1989,-0.01335
CEDAR_RA,1990,0.179874
CEDAR_RA,1991,0.045211
CEDAR_RA,1992,0.044861
CEDAR_RA,1993,0
CEDAR_RA,1994,0.099502
CEDAR_RA,1995,0.04536
CEDAR_RA,1996,0.043516
CEDAR_RA,1997,0.043192
CEDAR_RA,1998,0.042873
CEDAR_RA,1999,0.046718
CEDAR_RA,2000,0.059742
CHARLOTT,1980,-0.07472
CHARLOTT,1981,-0.05018
CHARLOTT,1982,0.003832
CHARLOTT,1983,0.035772
CHARLOTT,1984,0.085858
CHARLOTT,1985,0.426596
CHARLOTT,1986,0.54256
CHARLOTT,1987,0.776122
CHARLOTT,1988,1.579873
CHARLOTT,1989,2.273036
CHARLOTT,1990,1.952775
CHARLOTT,1991,2.002132
CHARLOTT,1992,1.472129
CHARLOTT,1993,1.221898
CHARLOTT,1994,1.823735
CHARLOTT,1995,0.425883
CHARLOTT,1996,0.516611
CHARLOTT,1997,0.352346
CHARLOTT,1998,0.491884
CHARLOTT,1999,0.367246
CHARLOTT,2000,0.433631
CHATTANO,1980,-0.01075
CHATTANO,1981,-0.00095
CHATTANO,1982,-0.00617
CHATTANO,1983,0.012647
CHATTANO,1984,0.005333
CHATTANO,1985,0.02435
CHATTANO,1986,0.118113
CHATTANO,1987,0.053747
CHATTANO,1988,0.126651
CHATTANO,1989,0.064076
CHATTANO,1990,0.032422
CHATTANO,1991,0.032452
CHATTANO,1992,0
CHATTANO,1993,0.500772
CHATTANO,1994,0.493144
CHATTANO,1995,0.681204
CHATTANO,1996,0.487405
CHATTANO,1997,0.829479
CHATTANO,1998,0.004135
CHATTANO,1999,0.882051
CHATTANO,2000,0.522582
CHESAPEA,1980,0
CHESAPEA,1981,-0.00815
CHESAPEA,1982,-0.01777
CHESAPEA,1983,0.001694
CHESAPEA,1984,0.036016
CHESAPEA,1985,0.093013
CHESAPEA,1986,0.207008
CHESAPEA,1987,0.608799
CHESAPEA,1988,1.210541
CHESAPEA,1989,1.333727
CHESAPEA,1990,1.524808
CHESAPEA,1991,0.936782
CHESAPEA,1992,1.269709
CHESAPEA,1993,1.494023
CHESAPEA,1994,1.167726
CHESAPEA,1995,1.071559
CHESAPEA,1996,0.951541
CHESAPEA,1997,0.725328
CHESAPEA,1998,0.726405
CHESAPEA,1999,1.183671
CHESAPEA,2000,0.942749
CHICAGO,1980,-0.0163
CHICAGO,1981,-0.07172
CHICAGO,1982,-0.02411
CHICAGO,1983,0.00975
CHICAGO,1984,0.09613
CHICAGO,1985,0.133689
CHICAGO,1986,0.528836
CHICAGO,1987,0.797083
CHICAGO,1988,1.357457
CHICAGO,1989,2.689393
CHICAGO,1990,1.479372
CHICAGO,1991,1.411938
CHICAGO,1992,1.423711
CHICAGO,1993,1.795563
CHICAGO,1994,1.853358
CHICAGO,1995,1.661776
CHICAGO,1996,1.840763
CHICAGO,1997,1.804744
CHICAGO,1998,2.099221
CHICAGO,1999,2.280913
CHICAGO,2000,2.283949
CINCINNA,1980,-0.02105
CINCINNA,1981,-0.07141
CINCINNA,1982,-0.05951
CINCINNA,1983,0.168669
CINCINNA,1984,-0.01639
CINCINNA,1985,0.203094
CINCINNA,1986,0.326841
CINCINNA,1987,0.318536
CINCINNA,1988,0.742862
CINCINNA,1989,1.400728
CINCINNA,1990,1.056921
CINCINNA,1991,1.165808
CINCINNA,1992,1.236147
CINCINNA,1993,1.234342
CINCINNA,1994,1.511979
CINCINNA,1995,1.24932
CINCINNA,1996,1.661214
CINCINNA,1997,0.462183
CINCINNA,1998,0.623466
CINCINNA,1999,0.647005
CINCINNA,2000,1.181024
CLEVELAN,1980,-0.00473
CLEVELAN,1981,0.03421
CLEVELAN,1982,0.04431
CLEVELAN,1983,0.025244
CLEVELAN,1984,-0.09904
CLEVELAN,1985,0.044836
CLEVELAN,1986,0.751677
CLEVELAN,1987,0.817007
CLEVELAN,1988,1.613784
CLEVELAN,1989,2.934589
CLEVELAN,1990,2.456779
CLEVELAN,1991,2.409103
CLEVELAN,1992,2.455258
CLEVELAN,1993,2.425762
CLEVELAN,1994,2.619309
CLEVELAN,1995,2.776228
CLEVELAN,1996,2.657853
CLEVELAN,1997,1.835164
CLEVELAN,1998,2.141648
CLEVELAN,1999,0.590476
CLEVELAN,2000,0.837476
COLORAD,1980,-0.01706
COLORAD,1981,0.074111
COLORAD,1982,-0.03748
COLORAD,1983,0.017433
COLORAD,1984,-0.01647
COLORAD,1985,-0.02533
COLORAD,1986,0.064654
COLORAD,1987,0.077491
COLORAD,1988,0.340685
COLORAD,1989,0.108778
COLORAD,1990,0.095529
COLORAD,1991,0.162167
COLORAD,1992,0.188897
COLORAD,1993,0.30777
COLORAD,1994,0.25224
COLORAD,1995,0.04144
COLORAD,1996,0.020465
COLORAD,1997,0.073872
COLORAD,1998,0.072902
COLORAD,1999,0.509949
COLORAD,2000,0.230955
COLUMBU,1980,-0.02189
COLUMBU,1981,-0.00336
COLUMBU,1982,0.018175
COLUMBU,1983,-0.01932
COLUMBU,1984,0.026391
COLUMBU,1985,0.00657
COLUMBU,1986,0.057796
COLUMBU,1987,0.107129
COLUMBU,1988,0.393007
COLUMBU,1989,0.297931
COLUMBU,1990,0.362083
COLUMBU,1991,0.409606
COLUMBU,1992,0.331926
COLUMBU,1993,0.456999
COLUMBU,1994,0.518737
COLUMBU,1995,0.387506
COLUMBU,1996,0.294073
COLUMBU,1997,0.399172
COLUMBU,1998,0.317855
COLUMBU,1999,0.56414
COLUMBU,2000,0.541386
COLUMBU,1980,-0.01784
COLUMBU,1981,-0.01587
COLUMBU,1982,0.017219
COLUMBU,1983,0.018812
COLUMBU,1984,0.009087
COLUMBU,1985,0.032861
COLUMBU,1986,0.402272
COLUMBU,1987,0.329812
COLUMBU,1988,1.167829
COLUMBU,1989,2.120227
COLUMBU,1990,2.189195
COLUMBU,1991,1.790231
COLUMBU,1992,2.046464
COLUMBU,1993,2.276469
COLUMBU,1994,2.491495
COLUMBU,1995,2.123155
COLUMBU,1996,2.13708
COLUMBU,1997,2.144171
COLUMBU,1998,2.440782
COLUMBU,1999,2.430838
COLUMBU,2000,2.198447
CORPUS_C,1980,-0.00279
CORPUS_C,1981,-0.00471
CORPUS_C,1982,-0.00567
CORPUS_C,1983,0.018859
CORPUS_C,1984,-0.00568
CORPUS_C,1985,-0.00662
CORPUS_C,1986,-0.00382
CORPUS_C,1987,0.01939
CORPUS_C,1988,0.098168
CORPUS_C,1989,0.044532
CORPUS_C,1990,0.01859
CORPUS_C,1991,0.09306
CORPUS_C,1992,0.046234
CORPUS_C,1993,0.165837
CORPUS_C,1994,0.093272
CORPUS_C,1995,0.115882
CORPUS_C,1996,0.070908
CORPUS_C,1997,0.067832
CORPUS_C,1998,0.067261
CORPUS_C,1999,0.16376
CORPUS_C,2000,0.156431
DALLAS,1980,-0.09604
DALLAS,1981,0.043955
DALLAS,1982,-0.07572
DALLAS,1983,0.023989
DALLAS,1984,0.103821
DALLAS,1985,0.161234
DALLAS,1986,0.888158
DALLAS,1987,0.90458
DALLAS,1988,1.254121
DALLAS,1989,1.946304
DALLAS,1990,1.337134
DALLAS,1991,1.652079
DALLAS,1992,1.728887
DALLAS,1993,1.88391
DALLAS,1994,1.833981
DALLAS,1995,1.559734
DALLAS,1996,2.091252
DALLAS,1997,1.951079
DALLAS,1998,2.228202
DALLAS,1999,2.257354
DALLAS,2000,2.1034
DAYTON,1980,-0.02351
DAYTON,1981,-0.01819
DAYTON,1982,-0.00203
DAYTON,1983,0.023993
DAYTON,1984,0.020115
DAYTON,1985,0.028267
DAYTON,1986,0.068819
DAYTON,1987,0.265105
DAYTON,1988,0.616433
DAYTON,1989,0.720584
DAYTON,1990,0.554798
DAYTON,1991,0.364268
DAYTON,1992,0.27327
DAYTON,1993,0.435361
DAYTON,1994,0.311377
DAYTON,1995,0.602606
DAYTON,1996,0.598278
DAYTON,1997,0.837759
DAYTON,1998,1.720368
DAYTON,1999,2.077832
DAYTON,2000,1.578597
DENVER,1980,0.011186
DENVER,1981,-0.0489
DENVER,1982,0.040468
DENVER,1983,-0.04378
DENVER,1984,0.033942
DENVER,1985,0.17596
DENVER,1986,1.079878
DENVER,1987,1.013902
DENVER,1988,1.599861
DENVER,1989,1.322309
DENVER,1990,1.267155
DENVER,1991,1.942532
DENVER,1992,1.675361
DENVER,1993,1.57151
DENVER,1994,3.810823
DENVER,1995,4.05935
DENVER,1996,3.556193
DENVER,1997,2.02836
DENVER,1998,2.969878
DENVER,1999,3.112083
DENVER,2000,2.785378
DES_MOIN,1980,-0.01684
DES_MOIN,1981,-0.01509
DES_MOIN,1982,0.012278
DES_MOIN,1983,0.040029
DES_MOIN,1984,-0.01559
DES_MOIN,1985,-0.01368
DES_MOIN,1986,0.949931
DES_MOIN,1987,0.255482
DES_MOIN,1988,0.927453
DES_MOIN,1989,1.084045
DES_MOIN,1990,0.856191
DES_MOIN,1991,0.386621
DES_MOIN,1992,0.079918
DES_MOIN,1993,0.104491
DES_MOIN,1994,0.071648
DES_MOIN,1995,0.121826
DES_MOIN,1996,0.464383
DES_MOIN,1997,0.444811
DES_MOIN,1998,0.591549
DES_MOIN,1999,0.624826
DES_MOIN,2000,0.425779
DETROIT,1980,0.027214
DETROIT,1981,-0.056
DETROIT,1982,-0.03892
DETROIT,1983,-0.00382
DETROIT,1984,0.064415
DETROIT,1985,0.126334
DETROIT,1986,1.001689
DETROIT,1987,1.544543
DETROIT,1988,2.060788
DETROIT,1989,1.938905
DETROIT,1990,1.356048
DETROIT,1991,1.32535
DETROIT,1992,1.710148
DETROIT,1993,2.100145
DETROIT,1994,1.942961
DETROIT,1995,2.048675
DETROIT,1996,2.037796
DETROIT,1997,1.73929
DETROIT,1998,1.894333
DETROIT,1999,1.621019
DETROIT,2000,2.057444
DURHAM,1980,-0.01157
DURHAM,1981,-0.01282
DURHAM,1982,-0.08942
DURHAM,1983,0.102556
DURHAM,1984,0.02953
DURHAM,1985,-0.06043
DURHAM,1986,-0.08388
DURHAM,1987,0.088285
DURHAM,1988,0.229506
DURHAM,1989,0.186054
DURHAM,1990,0.398976
DURHAM,1991,0.369183
DURHAM,1992,0.375502
DURHAM,1993,0.512574
DURHAM,1994,1.157932
DURHAM,1995,0.832758
DURHAM,1996,0.901941
DURHAM,1997,0.892457
DURHAM,1998,0.95756
DURHAM,1999,0.379683
DURHAM,2000,0.597018
EL_PASO,1980,-0.03939
EL_PASO,1981,-0.05661
EL_PASO,1982,-0.0164
EL_PASO,1983,-0.00904
EL_PASO,1984,0.116408
EL_PASO,1985,0.674602
EL_PASO,1986,0.466829
EL_PASO,1987,1.036634
EL_PASO,1988,0.427232
EL_PASO,1989,2.406964
EL_PASO,1990,0.800417
EL_PASO,1991,1.80053
EL_PASO,1992,1.458501
EL_PASO,1993,1.346699
EL_PASO,1994,2.332666
EL_PASO,1995,2.268699
EL_PASO,1996,1.853892
EL_PASO,1997,1.435496
EL_PASO,1998,1.587771
EL_PASO,1999,1.511956
EL_PASO,2000,1.300001
ERIE,1980,-0.012
ERIE,1981,-0.01864
ERIE,1982,-0.02783
ERIE,1983,0.075683
ERIE,1984,-0.03169
ERIE,1985,-0.00852
ERIE,1986,-0.02152
ERIE,1987,0.065787
ERIE,1988,0.310105
ERIE,1989,0.630978
ERIE,1990,0.047197
ERIE,1991,0.334984
ERIE,1992,0.517067
ERIE,1993,0.611071
ERIE,1994,0.341167
ERIE,1995,0.36239
ERIE,1996,0.394591
ERIE,1997,0.517953
ERIE,1998,0.584266
ERIE,1999,0.519787
ERIE,2000,0.882327
EUGENE,1980,-0.00345
EUGENE,1981,0.025051
EUGENE,1982,-0.01097
EUGENE,1983,-0.01071
EUGENE,1984,-0.01508
EUGENE,1985,0.009
EUGENE,1986,0.016404
EUGENE,1987,0.021885
EUGENE,1988,0.03802
EUGENE,1989,0.066239
EUGENE,1990,0.132502
EUGENE,1991,0.402986
EUGENE,1992,0.488426
EUGENE,1993,0.569035
EUGENE,1994,0.766719
EUGENE,1995,0.589194
EUGENE,1996,0.515083
EUGENE,1997,0.549552
EUGENE,1998,0.392409
EUGENE,1999,0.510094
EUGENE,2000,0.421531
EVANSVIL,1980,-0.00101
EVANSVIL,1981,-0.00465
EVANSVIL,1982,0.004476
EVANSVIL,1983,0.000125
EVANSVIL,1984,0.001084
EVANSVIL,1985,-0.01943
EVANSVIL,1986,0.088503
EVANSVIL,1987,0.127821
EVANSVIL,1988,0.045243
EVANSVIL,1989,0.055171
EVANSVIL,1990,0.095332
EVANSVIL,1991,0.063167
EVANSVIL,1992,0.214936
EVANSVIL,1993,0.037099
EVANSVIL,1994,0.070749
EVANSVIL,1995,0.254073
EVANSVIL,1996,0.081448
EVANSVIL,1997,0.157645
EVANSVIL,1998,0.042275
EVANSVIL,1999,0.328929
EVANSVIL,2000,0.062527
FLINT,1980,-0.04934
FLINT,1981,0.061036
FLINT,1982,-0.04
FLINT,1983,-0.03533
FLINT,1984,0.062908
FLINT,1985,-0.02102
FLINT,1986,0.095497
FLINT,1987,0.273518
FLINT,1988,0.707441
FLINT,1989,1.020516
FLINT,1990,0.884258
FLINT,1991,0.93391
FLINT,1992,0.705417
FLINT,1993,0.639412
FLINT,1994,0.46386
FLINT,1995,0.399325
FLINT,1996,0.488893
FLINT,1997,0.442802
FLINT,1998,0.484881
FLINT,1999,0.504782
FLINT,2000,0.466028
FORT_LAU,1980,-0.09248
FORT_LAU,1981,-0.1936
FORT_LAU,1982,-0.176
FORT_LAU,1983,0.001347
FORT_LAU,1984,0.501699
FORT_LAU,1985,0.254318
FORT_LAU,1986,1.558261
FORT_LAU,1987,2.125298
FORT_LAU,1988,0.451627
FORT_LAU,1989,0.667807
FORT_LAU,1990,1.695347
FORT_LAU,1991,2.17886
FORT_LAU,1992,1.823653
FORT_LAU,1993,2.529119
FORT_LAU,1994,3.144236
FORT_LAU,1995,2.604957
FORT_LAU,1996,0.378695
FORT_LAU,1997,0.343309
FORT_LAU,1998,0.593934
FORT_LAU,1999,0.224508
FORT_LAU,2000,0.640338
FORT_WAY,1980,0.005803
FORT_WAY,1981,0.00136
FORT_WAY,1982,0
FORT_WAY,1983,0
FORT_WAY,1984,-0.00535
FORT_WAY,1985,0
FORT_WAY,1986,0.078854
FORT_WAY,1987,-0.00218
FORT_WAY,1988,0.154946
FORT_WAY,1989,1.605456
FORT_WAY,1990,1.394985
FORT_WAY,1991,0.359248
FORT_WAY,1992,0.467905
FORT_WAY,1993,0.737566
FORT_WAY,1994,1.141135
FORT_WAY,1995,0.597323
FORT_WAY,1996,0.760352
FORT_WAY,1997,1.024315
FORT_WAY,1998,0.831843
FORT_WAY,1999,1.050685
FORT_WAY,2000,0.551877
FORT_WOR,1980,-0.03653
FORT_WOR,1981,0.027805
FORT_WOR,1982,-0.02892
FORT_WOR,1983,-0.00842
FORT_WOR,1984,0.053664
FORT_WOR,1985,0.272982
FORT_WOR,1986,1.116021
FORT_WOR,1987,0.994181
FORT_WOR,1988,1.97314
FORT_WOR,1989,2.484019
FORT_WOR,1990,1.877378
FORT_WOR,1991,1.304892
FORT_WOR,1992,1.994726
FORT_WOR,1993,2.067863
FORT_WOR,1994,2.044582
FORT_WOR,1995,1.781512
FORT_WOR,1996,2.491369
FORT_WOR,1997,1.521842
FORT_WOR,1998,1.552763
FORT_WOR,1999,1.677274
FORT_WOR,2000,1.448563
FREMONT,1980,-0.11587
FREMONT,1981,-0.14407
FREMONT,1982,0.042273
FREMONT,1983,0.061007
FREMONT,1984,0.100276
FREMONT,1985,0.213774
FREMONT,1986,0.044451
FREMONT,1987,0.167495
FREMONT,1988,0.366073
FREMONT,1989,0.793851
FREMONT,1990,0.282376
FREMONT,1991,0.316104
FREMONT,1992,0.396462
FREMONT,1993,0.296385
FREMONT,1994,0.581191
FREMONT,1995,0.414345
FREMONT,1996,0.337433
FREMONT,1997,0.684556
FREMONT,1998,0.477578
FREMONT,1999,0.40588
FREMONT,2000,0.369493
FRESNO,1980,-0.09773
FRESNO,1981,0.130661
FRESNO,1982,-0.12873
FRESNO,1983,0.028847
FRESNO,1984,0.064178
FRESNO,1985,0.301718
FRESNO,1986,0.661413
FRESNO,1987,0.82613
FRESNO,1988,1.24974
FRESNO,1989,1.481683
FRESNO,1990,1.312625
FRESNO,1991,1.375422
FRESNO,1992,1.836553
FRESNO,1993,1.519475
FRESNO,1994,1.547792
FRESNO,1995,1.003611
FRESNO,1996,0.936806
FRESNO,1997,0.816538
FRESNO,1998,0.848897
FRESNO,1999,0.661914
FRESNO,2000,0.46933
GARLAND,1980,-0.04799
GARLAND,1981
GARLAND,1982,0.029656
GARLAND,1983,0.029819
GARLAND,1984,0.035565
GARLAND,1985,0.013463
GARLAND,1986,0.326991
GARLAND,1987,0.82472
GARLAND,1988,1.288242
GARLAND,1989,0.996211
GARLAND,1990,1.665231
GARLAND,1991,1.040336
GARLAND,1992,0.912633
GARLAND,1993,0.579451
GARLAND,1994,0.381129
GARLAND,1995,0.70625
GARLAND,1996,0.875473
GARLAND,1997,0.899626
GARLAND,1998,0.50307
GARLAND,1999,1.188275
GARLAND,2000,0.845608
GARY,1980,0.012877
GARY,1981,0
GARY,1982,0
GARY,1983,-0.01261
GARY,1984,0
GARY,1985,0.042489
GARY,1986,0
GARY,1987,0.04866
GARY,1988,0.140787
GARY,1989,0.241643
GARY,1990,0.241921
GARY,1991,0.338963
GARY,1992,0.068643
GARY,1993,0.988396
GARY,1994,1.193979
GARY,1995,0.908572
GARY,1996,0.658282
GARY,1997,1.199633
GARY,1998,1.295797
GARY,1999,1.080567
GARY,2000,0.04946
GLENDALE,1980
GLENDALE,1981
GLENDALE,1982
GLENDALE,1983,0
GLENDALE,1984,0
GLENDALE,1985,-0.00248
GLENDALE,1986,0.038236
GLENDALE,1987,0.03543
GLENDALE,1988,0.041156
GLENDALE,1989,0.064526
GLENDALE,1990,0.033727
GLENDALE,1991,0.043794
GLENDALE,1992,0.043958
GLENDALE,1993,0.012573
GLENDALE,1994,0.027924
GLENDALE,1995,0.013839
GLENDALE,1996,0.036208
GLENDALE,1997,0.040008
GLENDALE,1998,0.046283
GLENDALE,1999,0.05672
GLENDALE,2000,0.074951
GRAND_RA,1980,-0.06511
GRAND_RA,1981,-0.06176
GRAND_RA,1982,-0.03317
GRAND_RA,1983,0.088987
GRAND_RA,1984,0.072215
GRAND_RA,1985,0.056107
GRAND_RA,1986,0.12078
GRAND_RA,1987,0.284895
GRAND_RA,1988,0.546156
GRAND_RA,1989,0.944161
GRAND_RA,1990,0.753834
GRAND_RA,1991,0.875992
GRAND_RA,1992,0.649152
GRAND_RA,1993,0.490762
GRAND_RA,1994,0.680537
GRAND_RA,1995,0.424614
GRAND_RA,1996,0.677082
GRAND_RA,1997,0.488892
GRAND_RA,1998,0.54557
GRAND_RA,1999,0.560112
GRAND_RA,2000,0.112423
GREENSB,1980,-0.02998
GREENSB,1981,-0.04059
GREENSB,1982,-0.04518
GREENSB,1983,0.021483
GREENSB,1984,0.086731
GREENSB,1985,0.105705
GREENSB,1986,0.127774
GREENSB,1987,0.061275
GREENSB,1988,0.058655
GREENSB,1989,0.971688
GREENSB,1990,1.742082
GREENSB,1991,0.513347
GREENSB,1992,2.703355
GREENSB,1993,1.382745
GREENSB,1994,0.877831
GREENSB,1995,1.253413
GREENSB,1996,1.166029
GREENSB,1997,1.341378
GREENSB,1998,1.310015
GREENSB,1999,1.019951
GREENSB,2000,1.345908
HAMPTON,1980,-0.01027
HAMPTON,1981,-0.16918
HAMPTON,1982,-0.0725
HAMPTON,1983,0.217812
HAMPTON,1984,0.040398
HAMPTON,1985,0.533466
HAMPTON,1986,0.621444
HAMPTON,1987,0.688168
HAMPTON,1988,0.480135
HAMPTON,1989,1.170638
HAMPTON,1990,1.092696
HAMPTON,1991,0.843941
HAMPTON,1992,1.604952
HAMPTON,1993,1.763067
HAMPTON,1994,1.862712
HAMPTON,1995,1.966108
HAMPTON,1996,2.074473
HAMPTON,1997,1.744088
HAMPTON,1998,1.162152
HAMPTON,1999,1.627787
HAMPTON,2000,2.06818
HARTFOR,1980,0.144528
HARTFOR,1981,-0.02636
HARTFOR,1982,-0.04143
HARTFOR,1983,-0.04053
HARTFOR,1984,-0.03622
HARTFOR,1985,-0.01394
HARTFOR,1986,0.301004
HARTFOR,1987,0.292784
HARTFOR,1988,0.608763
HARTFOR,1989,0.605349
HARTFOR,1990,0.477612
HARTFOR,1991,0.724735
HARTFOR,1992,0.850012
HARTFOR,1993,0.923673
HARTFOR,1994,1.090329
HARTFOR,1995,0.423691
HARTFOR,1996,1.129948
HARTFOR,1997,0.486845
HARTFOR,1998,0.428948
HARTFOR,1999,1.676923
HARTFOR,2000,0.760182
HIALEAH,1980,-0.00363
HIALEAH,1981,-0.0402
HIALEAH,1982,-0.04595
HIALEAH,1983,-0.00317
HIALEAH,1984,0.090636
HIALEAH,1985,-0.04019
HIALEAH,1986,-0.04314
HIALEAH,1987,-0.04207
HIALEAH,1988,0.027998
HIALEAH,1989,0.190933
HIALEAH,1990,0.013427
HIALEAH,1991,-0.01248
HIALEAH,1992,0.010951
HIALEAH,1993,0.013288
HIALEAH,1994,0.012365
HIALEAH,1995,-0.01436
HIALEAH,1996,0.010611
HIALEAH,1997,0.007805
HIALEAH,1998,0.00714
HIALEAH,1999,0.05658
HIALEAH,2000,-0.01639
HOLLYWO,1980,-0.29542
HOLLYWO,1981,0.238498
HOLLYWO,1982,-0.29364
HOLLYWO,1983,0.228434
HOLLYWO,1984,0.117909
HOLLYWO,1985,-0.04487
HOLLYWO,1986,1.02768
HOLLYWO,1987,1.234486
HOLLYWO,1988,0.39212
HOLLYWO,1989,0.187259
HOLLYWO,1990,1.689685
HOLLYWO,1991,1.712666
HOLLYWO,1992,2.178148
HOLLYWO,1993,2.564155
HOLLYWO,1994,2.337955
HOLLYWO,1995,2.874423
HOLLYWO,1996,0.857075
HOLLYWO,1997,0.755963
HOLLYWO,1998,0.629956
HOLLYWO,1999,0.351507
HOLLYWO,2000,0.587059
HONOLUL,1980,0.034843
HONOLUL,1981,-0.133
HONOLUL,1982,-0.06428
HONOLUL,1983,0.12456
HONOLUL,1984,0.054648
HONOLUL,1985,0.320179
HONOLUL,1986,0.934617
HONOLUL,1987,0.494891
HONOLUL,1988,0.396175
HONOLUL,1989,0.765864
HONOLUL,1990,0.709
HONOLUL,1991,0.634629
HONOLUL,1992,0.925016
HONOLUL,1993,0.827035
HONOLUL,1994,1.908005
HONOLUL,1995,2.028769
HONOLUL,1996,0.868249
HONOLUL,1997,1.207515
HONOLUL,1998,2.382761
HONOLUL,1999,0.99455
HONOLUL,2000,0.087722
HOUSTON,1980,-0.01854
HOUSTON,1981,0.002954
HOUSTON,1982,0.004321
HOUSTON,1983,-0.00915
HOUSTON,1984,0.020419
HOUSTON,1985,0.100895
HOUSTON,1986,0.380494
HOUSTON,1987,0.67803
HOUSTON,1988,0.790723
HOUSTON,1989,1.150707
HOUSTON,1990,0.759122
HOUSTON,1991,1.461629
HOUSTON,1992,1.783664
HOUSTON,1993,1.6868
HOUSTON,1994,1.460644
HOUSTON,1995,1.384862
HOUSTON,1996,1.441863
HOUSTON,1997,1.304827
HOUSTON,1998,1.225369
HOUSTON,1999,0.84693
HOUSTON,2000,0.726327
HUNTINGT,1980,-0.0224
HUNTINGT,1981,-0.05011
HUNTINGT,1982,-0.03123
HUNTINGT,1983,0.000462
HUNTINGT,1984,0.064908
HUNTINGT,1985,0.124376
HUNTINGT,1986,0.03091
HUNTINGT,1987,0.238332
HUNTINGT,1988,0.335263
HUNTINGT,1989,0.654517
HUNTINGT,1990,0.617833
HUNTINGT,1991,0.501958
HUNTINGT,1992,0.394944
HUNTINGT,1993,0.225488
HUNTINGT,1994,0.185153
HUNTINGT,1995,0.000261
HUNTINGT,1996,0.355426
HUNTINGT,1997,0.147574
HUNTINGT,1998,0.104587
HUNTINGT,1999,0.362044
HUNTINGT,2000,0.293081
HUNTSVIL,1980,0
HUNTSVIL,1981,0
HUNTSVIL,1982,0
HUNTSVIL,1983,0
HUNTSVIL,1984,0
HUNTSVIL,1985,0
HUNTSVIL,1986,-0.00171
HUNTSVIL,1987,0
HUNTSVIL,1988,0
HUNTSVIL,1989,0.031746
HUNTSVIL,1990,0
HUNTSVIL,1991,0
HUNTSVIL,1992,0.031658
HUNTSVIL,1993,0
HUNTSVIL,1994,0
HUNTSVIL,1995,0
HUNTSVIL,1996,0.003336
HUNTSVIL,1997,0.070326
HUNTSVIL,1998,0.008132
HUNTSVIL,1999,0.001796
HUNTSVIL,2000,0.032553
INDEPEND,1980,0.046784
INDEPEND,1981,-0.00484
INDEPEND,1982,-0.04441
INDEPEND,1983,-0.04441
INDEPEND,1984,0.048001
INDEPEND,1985,-0.04441
INDEPEND,1986,0.090915
INDEPEND,1987,0.264699
INDEPEND,1988,0.269397
INDEPEND,1989,0.355991
INDEPEND,1990,0.412674
INDEPEND,1991,0.328773
INDEPEND,1992,0.125528
INDEPEND,1993,0.132872
INDEPEND,1994,0.223197
INDEPEND,1995,0.256917
INDEPEND,1996,0.435996
INDEPEND,1997,0.299659
INDEPEND,1998,0.094265
INDEPEND,1999,0.08742
INDEPEND,2000,0.203837
INDIANAPO,1980,-0.01214
INDIANAPO,1981,-0.01038
INDIANAPO,1982,-0.01227
INDIANAPO,1983,-0.00134
INDIANAPO,1984,0.036122
INDIANAPO,1985,0.014332
INDIANAPO,1986,0.29386
INDIANAPO,1987,0.559233
INDIANAPO,1988,0.424099
INDIANAPO,1989,0.832695
INDIANAPO,1990,0.984042
INDIANAPO,1991,0.575371
INDIANAPO,1992,0.504208
INDIANAPO,1993,0.612432
INDIANAPO,1994,1.047483
INDIANAPO,1995,1.156327
INDIANAPO,1996,1.039533
INDIANAPO,1997,0.888561
INDIANAPO,1998,1.064639
INDIANAPO,1999,0.861169
INDIANAPO,2000,0.857518
IRVING,1980
IRVING,1981,-0.00132
IRVING,1982,-0.01401
IRVING,1983,-0.01401
IRVING,1984,0.067731
IRVING,1985,-0.02337
IRVING,1986,-0.02226
IRVING,1987,-0.00458
IRVING,1988,0.029386
IRVING,1989,0.050363
IRVING,1990,0.042796
IRVING,1991,0.298626
IRVING,1992,0.274303
IRVING,1993,0.396098
IRVING,1994,0.217817
IRVING,1995,0.412684
IRVING,1996,0.282428
IRVING,1997,0.370666
IRVING,1998,0.372759
IRVING,1999,0.45181
IRVING,2000,0.408428
JACKSON,1980,0
JACKSON,1981,0
JACKSON,1982,0
JACKSON,1983,0
JACKSON,1984,0
JACKSON,1985,0
JACKSON,1986,0.021941
JACKSON,1987,0
JACKSON,1988,0
JACKSON,1989,0.096541
JACKSON,1990,0
JACKSON,1991,0.025147
JACKSON,1992,0
JACKSON,1993,0.051028
JACKSON,1994
JACKSON,1995
JACKSON,1996
JACKSON,1997
JACKSON,1998
JACKSON,1999
JACKSON,2000
JACKSONV,1980,-0.02628
JACKSONV,1981,-0.05606
JACKSONV,1982,-0.00998
JACKSONV,1983,-0.03887
JACKSONV,1984,0.173803
JACKSONV,1985,0.23553
JACKSONV,1986,0.260718
JACKSONV,1987,0.928718
JACKSONV,1988,0.574719
JACKSONV,1989,0.817406
JACKSONV,1990,1.168805
JACKSONV,1991,1.185918
JACKSONV,1992,0.774365
JACKSONV,1993,1.137754
JACKSONV,1994,1.11087
JACKSONV,1995,0.942873
JACKSONV,1996,0.522827
JACKSONV,1997,0.407839
JACKSONV,1998,0.316701
JACKSONV,1999,0.368107
JACKSONV,2000,0.599801
JERSEY_C,1980,-0.05981
JERSEY_C,1981,-0.12396
JERSEY_C,1982,0.114766
JERSEY_C,1983,-0.02085
JERSEY_C,1984,0.090859
JERSEY_C,1985,0.185422
JERSEY_C,1986,1.682016
JERSEY_C,1987,2.146759
JERSEY_C,1988,2.550143
JERSEY_C,1989,2.652385
JERSEY_C,1990,3.048779
JERSEY_C,1991,1.92808
JERSEY_C,1992,1.689417
JERSEY_C,1993,1.883558
JERSEY_C,1994,2.886585
JERSEY_C,1995,3.373769
JERSEY_C,1996,3.681255
JERSEY_C,1997,2.979103
JERSEY_C,1998,3.454086
JERSEY_C,1999,3.034595
JERSEY_C,2000,2.60437
KANSAS_C,1980,-0.05652
KANSAS_C,1981,0.001172
KANSAS_C,1982,0.098271
KANSAS_C,1983,0.020543
KANSAS_C,1984,-0.09024
KANSAS_C,1985,0.040046
KANSAS_C,1986,0.991404
KANSAS_C,1987,0.996164
KANSAS_C,1988,1.675237
KANSAS_C,1989,2.055964
KANSAS_C,1990,1.404277
KANSAS_C,1991,0.769808
KANSAS_C,1992,0.688923
KANSAS_C,1993,0.64443
KANSAS_C,1994,1.529785
KANSAS_C,1995,1.130839
KANSAS_C,1996,1.238148
KANSAS_C,1997,0.310777
KANSAS_C,1998,1.553322
KANSAS_C,1999,1.625198
KANSAS_C,2000,1.750422
KANSAS_C,1980,-0.04725
KANSAS_C,1981,-0.05594
KANSAS_C,1982,0.327205
KANSAS_C,1983,-0.20659
KANSAS_C,1984,0.005762
KANSAS_C,1985,0.140331
KANSAS_C,1986,0.317768
KANSAS_C,1987,0.921464
KANSAS_C,1988,1.360945
KANSAS_C,1989,1.524814
KANSAS_C,1990,1.19514
KANSAS_C,1991,0.753968
KANSAS_C,1992,0.272528
KANSAS_C,1993,0.272184
KANSAS_C,1994,1.063885
KANSAS_C,1995,0.66555
KANSAS_C,1996,0.689938
KANSAS_C,1997,0.549582
KANSAS_C,1998,0.834956
KANSAS_C,1999,0.885705
KANSAS_C,2000,0.918754
KNOXVILL,1980,-0.00574
KNOXVILL,1981,-0.01737
KNOXVILL,1982,-0.01308
KNOXVILL,1983,0.060995
KNOXVILL,1984,-0.01779
KNOXVILL,1985,0.018156
KNOXVILL,1986,0.116664
KNOXVILL,1987,0.201229
KNOXVILL,1988,0.315854
KNOXVILL,1989,0.274648
KNOXVILL,1990,0.233803
KNOXVILL,1991,0.537776
KNOXVILL,1992,0.282155
KNOXVILL,1993,0.400283
KNOXVILL,1994,0.412849
KNOXVILL,1995,0.477267
KNOXVILL,1996,0.684927
KNOXVILL,1997,0.48471
KNOXVILL,1998,0.432822
KNOXVILL,1999,0.390319
KNOXVILL,2000,0.598079
LAFAYETT,1980,-0.03013
LAFAYETT,1981,-0.00712
LAFAYETT,1982,-0.00217
LAFAYETT,1983,0.046965
LAFAYETT,1984,0.016292
LAFAYETT,1985,-0.00019
LAFAYETT,1986,0.714584
LAFAYETT,1987,0.330868
LAFAYETT,1988,0.66089
LAFAYETT,1989,2.163393
LAFAYETT,1990,1.016441
LAFAYETT,1991,0.83208
LAFAYETT,1992,0.89385
LAFAYETT,1993,1.160875
LAFAYETT,1994,1.782705
LAFAYETT,1995,1.503895
LAFAYETT,1996,1.801473
LAFAYETT,1997,1.36537
LAFAYETT,1998,1.081997
LAFAYETT,1999,1.110019
LAFAYETT,2000,0.68211
LAKEWOO,1980,-0.12666
LAKEWOO,1981,-0.09417
LAKEWOO,1982,-0.17031
LAKEWOO,1983,0.200399
LAKEWOO,1984,0.360247
LAKEWOO,1985,0.069503
LAKEWOO,1986,0.338891
LAKEWOO,1987,0.238464
LAKEWOO,1988,0.57549
LAKEWOO,1989,0.229064
LAKEWOO,1990,0.211617
LAKEWOO,1991,0.058965
LAKEWOO,1992,0.084141
LAKEWOO,1993,0.056676
LAKEWOO,1994,-0.08745
LAKEWOO,1995,0.188806
LAKEWOO,1996,0.286694
LAKEWOO,1997,-0.03586
LAKEWOO,1998,-0.13977
LAKEWOO,1999,0.130516
LAKEWOO,2000,0.151743
LANSING,1980,0
LANSING,1981,0.020728
LANSING,1982,-0.0074
LANSING,1983,-0.02036
LANSING,1984,0.007035
LANSING,1985,0.069611
LANSING,1986,0.046269
LANSING,1987,0.398347
LANSING,1988,0.286399
LANSING,1989,0.815194
LANSING,1990,0.351521
LANSING,1991,0.574648
LANSING,1992,0.513131
LANSING,1993,0.315866
LANSING,1994,0.244778
LANSING,1995,0.119235
LANSING,1996,0.391373
LANSING,1997,0.405183
LANSING,1998,0.404161
LANSING,1999,0.550665
LANSING,2000,0.386686
LAS_VEGA,1980,-0.06798
LAS_VEGA,1981,-0.01847
LAS_VEGA,1982,-0.0146
LAS_VEGA,1983,-0.11907
LAS_VEGA,1984,0.220129
LAS_VEGA,1985,0.172255
LAS_VEGA,1986,0.15524
LAS_VEGA,1987,0.383783
LAS_VEGA,1988,0.266933
LAS_VEGA,1989,0.513306
LAS_VEGA,1990,0.777444
LAS_VEGA,1991,0.635743
LAS_VEGA,1992,0.758395
LAS_VEGA,1993,0.776218
LAS_VEGA,1994,0.679424
LAS_VEGA,1995,0.849323
LAS_VEGA,1996,1.029064
LAS_VEGA,1997,0.866071
LAS_VEGA,1998,0.90902
LAS_VEGA,1999,1.10969
LAS_VEGA,2000,1.226259
LEXINGTO,1980,0.027247
LEXINGTO,1981,0.12606
LEXINGTO,1982,-0.05529
LEXINGTO,1983,-0.03841
LEXINGTO,1984,-0.05961
LEXINGTO,1985,0.18084
LEXINGTO,1986,0.666588
LEXINGTO,1987,0.398314
LEXINGTO,1988,0.081343
LEXINGTO,1989,0.687211
LEXINGTO,1990,0.18083
LEXINGTO,1991,0.176374
LEXINGTO,1992,0.443661
LEXINGTO,1993,0.578366
LEXINGTO,1994,0.538104
LEXINGTO,1995,0.629984
LEXINGTO,1996,0.230501
LEXINGTO,1997,0.157437
LEXINGTO,1998,0.263137
LEXINGTO,1999,0.212905
LEXINGTO,2000,0.19057
LINCOLN,1980,0.014214
LINCOLN,1981,0.008201
LINCOLN,1982,0.012941
LINCOLN,1983,-0.0456
LINCOLN,1984,0.010244
LINCOLN,1985,0.011128
LINCOLN,1986,0.312839
LINCOLN,1987,0.327207
LINCOLN,1988,0.449698
LINCOLN,1989,0.648528
LINCOLN,1990,0.493333
LINCOLN,1991,0.383301
LINCOLN,1992,0.313109
LINCOLN,1993,0.326117
LINCOLN,1994,0.441241
LINCOLN,1995,0.375401
LINCOLN,1996,0.393169
LINCOLN,1997,0.345972
LINCOLN,1998,0.41808
LINCOLN,1999,0.330211
LINCOLN,2000,0.281182
LITTLE_RO,1980,-0.00222
LITTLE_RO,1981,-0.01234
LITTLE_RO,1982,-0.00413
LITTLE_RO,1983,0.017313
LITTLE_RO,1984,0.002365
LITTLE_RO,1985,0.034922
LITTLE_RO,1986,0.221337
LITTLE_RO,1987,0.212779
LITTLE_RO,1988,0.65094
LITTLE_RO,1989,1.434804
LITTLE_RO,1990,1.407131
LITTLE_RO,1991,1.149284
LITTLE_RO,1992,1.115816
LITTLE_RO,1993,1.094871
LITTLE_RO,1994,1.132334
LITTLE_RO,1995,1.380642
LITTLE_RO,1996,0.919851
LITTLE_RO,1997,0.939444
LITTLE_RO,1998,0.789117
LITTLE_RO,1999,0.673915
LITTLE_RO,2000,0.820054
LIVONIA,1980,-0.01724
LIVONIA,1981,0.017235
LIVONIA,1982,0
LIVONIA,1983,0
LIVONIA,1984,0
LIVONIA,1985,0.239916
LIVONIA,1986,0.533207
LIVONIA,1987,0.339386
LIVONIA,1988,0.330915
LIVONIA,1989,0.406679
LIVONIA,1990,0.352501
LIVONIA,1991,0.245389
LIVONIA,1992,0.224577
LIVONIA,1993,0.144785
LIVONIA,1994,0.139826
LIVONIA,1995,0.163295
LIVONIA,1996,0.232595
LIVONIA,1997,0.10428
LIVONIA,1998,0.07961
LIVONIA,1999,0.733844
LIVONIA,2000,0.55729
LONG_BEA,1980,-0.11182
LONG_BEA,1981,-0.39955
LONG_BEA,1982,-0.10129
LONG_BEA,1983,0.729441
LONG_BEA,1984,-0.00681
LONG_BEA,1985,0.037952
LONG_BEA,1986,0.603422
LONG_BEA,1987,1.318911
LONG_BEA,1988,0.738843
LONG_BEA,1989,2.68874
LONG_BEA,1990,1.13622
LONG_BEA,1991,2.356887
LONG_BEA,1992,1.922883
LONG_BEA,1993,2.574399
LONG_BEA,1994,1.963123
LONG_BEA,1995,1.398319
LONG_BEA,1996,2.434724
LONG_BEA,1997,2.293175
LONG_BEA,1998,2.072161
LONG_BEA,1999,1.890071
LONG_BEA,2000,1.80687
LOS_ANGE,1980,-0.46953
LOS_ANGE,1981,-0.74764
LOS_ANGE,1982,-0.36743
LOS_ANGE,1983,0.561817
LOS_ANGE,1984,1.005621
LOS_ANGE,1985,1.1177
LOS_ANGE,1986,2.406632
LOS_ANGE,1987,2.576502
LOS_ANGE,1988,3.036475
LOS_ANGE,1989,3.809184
LOS_ANGE,1990,3.199316
LOS_ANGE,1991,2.444418
LOS_ANGE,1992,2.558175
LOS_ANGE,1993,2.626398
LOS_ANGE,1994,2.689994
LOS_ANGE,1995,2.223745
LOS_ANGE,1996,3.665554
LOS_ANGE,1997,2.355748
LOS_ANGE,1998,2.706015
LOS_ANGE,1999,2.317222
LOS_ANGE,2000,2.225495
LOUISVILL,1980,0.001065
LOUISVILL,1981,-0.02824
LOUISVILL,1982,-0.00975
LOUISVILL,1983,-0.00472
LOUISVILL,1984,0.03079
LOUISVILL,1985,0.032951
LOUISVILL,1986,0.340371
LOUISVILL,1987,0.226411
LOUISVILL,1988,0.068981
LOUISVILL,1989,0.928989
LOUISVILL,1990,0.483896
LOUISVILL,1991,0.242658
LOUISVILL,1992,0.485147
LOUISVILL,1993,0.505353
LOUISVILL,1994,0.751259
LOUISVILL,1995,0.926919
LOUISVILL,1996,1.226895
LOUISVILL,1997,1.170096
LOUISVILL,1998,1.257352
LOUISVILL,1999,1.073939
LOUISVILL,2000,0.665084
LUBBOCK,1980,-0.01428
LUBBOCK,1981,0.161163
LUBBOCK,1982,-0.05889
LUBBOCK,1983,-0.04643
LUBBOCK,1984,-0.04157
LUBBOCK,1985,0.053037
LUBBOCK,1986,0.112947
LUBBOCK,1987,0.156327
LUBBOCK,1988,0.410474
LUBBOCK,1989,0.295232
LUBBOCK,1990,0.099575
LUBBOCK,1991,0.142075
LUBBOCK,1992,0.105277
LUBBOCK,1993,0.032414
LUBBOCK,1994,0.158502
LUBBOCK,1995,0.511432
LUBBOCK,1996,0.38703
LUBBOCK,1997,0.37659
LUBBOCK,1998,0.706161
LUBBOCK,1999,0.692397
LUBBOCK,2000,0.487735
MADISON,1980,-0.20786
MADISON,1981,-0.08284
MADISON,1982,0.066133
MADISON,1983,-0.00359
MADISON,1984,0.228104
MADISON,1985,0.115811
MADISON,1986,0.952859
MADISON,1987,0.196651
MADISON,1988,0.595612
MADISON,1989,0.408273
MADISON,1990,0.565027
MADISON,1991,0.615219
MADISON,1992,0.969856
MADISON,1993,1.178294
MADISON,1994,1.064224
MADISON,1995,0.83816
MADISON,1996,0.732194
MADISON,1997,0.666876
MADISON,1998,0.515507
MADISON,1999,0.430563
MADISON,2000,0.349346
MEMPHIS,1980,-0.00337
MEMPHIS,1981,0.019652
MEMPHIS,1982,-0.03342
MEMPHIS,1983,-0.0037
MEMPHIS,1984,0.015105
MEMPHIS,1985,0.00501
MEMPHIS,1986,0.075134
MEMPHIS,1987,0.214894
MEMPHIS,1988,0.230147
MEMPHIS,1989,0.848485
MEMPHIS,1990,0.421434
MEMPHIS,1991,0.383358
MEMPHIS,1992,0.25134
MEMPHIS,1993,0.439013
MEMPHIS,1994,0.379459
MEMPHIS,1995,0.521264
MEMPHIS,1996,0.582233
MEMPHIS,1997,0.575242
MEMPHIS,1998,0.580994
MEMPHIS,1999,0.587256
MEMPHIS,2000,1.467746
MESA,1980
MESA,1981,0
MESA,1982,-0.05848
MESA,1983,-0.06045
MESA,1984,0.05096
MESA,1985,-0.04933
MESA,1986,0.058084
MESA,1987,0.107381
MESA,1988,0.083901
MESA,1989,0.157544
MESA,1990,0.047418
MESA,1991,0.095029
MESA,1992,0.081477
MESA,1993,0.029147
MESA,1994,0.070909
MESA,1995,0.005332
MESA,1996,0.204401
MESA,1997,0.11952
MESA,1998,0.322406
MESA,1999,0.194895
MESA,2000,0.243842
MIAMI,1980,-0.22797
MIAMI,1981,-0.21946
MIAMI,1982,0.01933
MIAMI,1983,0.208362
MIAMI,1984,0.225701
MIAMI,1985,0.216561
MIAMI,1986,0.90205
MIAMI,1987,0.709768
MIAMI,1988,1.261054
MIAMI,1989,1.555427
MIAMI,1990,0.735901
MIAMI,1991,0.8932
MIAMI,1992,0.897169
MIAMI,1993,1.01118
MIAMI,1994,1.427999
MIAMI,1995,1.323709
MIAMI,1996,1.576735
MIAMI,1997,1.354352
MIAMI,1998,1.918524
MIAMI,1999,1.116865
MIAMI,2000,1.277606
MILWAUKE,1980,-0.02492
MILWAUKE,1981,-0.06905
MILWAUKE,1982,0.20549
MILWAUKE,1983,-0.07655
MILWAUKE,1984,-0.02393
MILWAUKE,1985,-0.02933
MILWAUKE,1986,0.255923
MILWAUKE,1987,0.866535
MILWAUKE,1988,1.564026
MILWAUKE,1989,1.29417
MILWAUKE,1990,1.060147
MILWAUKE,1991,1.028784
MILWAUKE,1992,0.882153
MILWAUKE,1993,0.9969
MILWAUKE,1994,1.422347
MILWAUKE,1995,1.218573
MILWAUKE,1996,1.135462
MILWAUKE,1997,1.55377
MILWAUKE,1998,1.018338
MILWAUKE,1999,0.92487
MILWAUKE,2000,0.790109
MINNEAPO,1980,-0.03141
MINNEAPO,1981,0.036334
MINNEAPO,1982,-0.05193
MINNEAPO,1983,-0.01566
MINNEAPO,1984,0.113153
MINNEAPO,1985,0.416381
MINNEAPO,1986,1.444187
MINNEAPO,1987,0.518116
MINNEAPO,1988,1.723727
MINNEAPO,1989,1.677044
MINNEAPO,1990,1.059711
MINNEAPO,1991,0.907508
MINNEAPO,1992,0.635899
MINNEAPO,1993,1.66986
MINNEAPO,1994,1.508444
MINNEAPO,1995,1.79372
MINNEAPO,1996,1.98328
MINNEAPO,1997,2.372807
MINNEAPO,1998,2.177858
MINNEAPO,1999,1.962904
MINNEAPO,2000,1.629513
MOBILE,1980,-0.04577
MOBILE,1981,-0.06383
MOBILE,1982,-0.01235
MOBILE,1983,-0.0912
MOBILE,1984,0.213146
MOBILE,1985,0.194132
MOBILE,1986,0.543653
MOBILE,1987,0.505706
MOBILE,1988,0.498509
MOBILE,1989,1.407472
MOBILE,1990,1.863305
MOBILE,1991,1.348261
MOBILE,1992,1.318036
MOBILE,1993,0.51908
MOBILE,1994,0.501409
MOBILE,1995,1.161683
MOBILE,1996,1.019782
MOBILE,1997,1.195441
MOBILE,1998,1.320031
MOBILE,1999,1.085395
MOBILE,2000,1.895082
MONTGOM,1980,-0.0236
MONTGOM,1981,-0.00043
MONTGOM,1982,-0.02403
MONTGOM,1983,-0.00736
MONTGOM,1984,0.055314
MONTGOM,1985,-0.03471
MONTGOM,1986,0.171976
MONTGOM,1987,0.340146
MONTGOM,1988,1.120198
MONTGOM,1989,0.710931
MONTGOM,1990,0.560953
MONTGOM,1991,0.65624
MONTGOM,1992,0.437284
MONTGOM,1993,0.201032
MONTGOM,1994,0.417937
MONTGOM,1995,0.328147
MONTGOM,1996,0.684742
MONTGOM,1997,0.945514
MONTGOM,1998,1.028131
MONTGOM,1999,0.957507
MONTGOM,2000,0.814383
NASHVILL,1980,-0.00198
NASHVILL,1981,0.118156
NASHVILL,1982,-0.05973
NASHVILL,1983,-0.05973
NASHVILL,1984,0.005362
NASHVILL,1985,-0.03816
NASHVILL,1986,0.234378
NASHVILL,1987,0.347514
NASHVILL,1988,0.214064
NASHVILL,1989,0.463984
NASHVILL,1990,0.685718
NASHVILL,1991,0.309707
NASHVILL,1992,0.068386
NASHVILL,1993,0.225748
NASHVILL,1994,0.233534
NASHVILL,1995,0.332089
NASHVILL,1996,0.677941
NASHVILL,1997,0.420687
NASHVILL,1998,0.576914
NASHVILL,1999,0.447248
NASHVILL,2000,0.356003
NEW_ORLE,1980,-0.13862
NEW_ORLE,1981,-0.10728
NEW_ORLE,1982,-0.07758
NEW_ORLE,1983,0.087357
NEW_ORLE,1984,0.245663
NEW_ORLE,1985,0.757482
NEW_ORLE,1986,0.742881
NEW_ORLE,1987,1.352296
NEW_ORLE,1988,3.404713
NEW_ORLE,1989,4.805953
NEW_ORLE,1990,3.427876
NEW_ORLE,1991,1.649159
NEW_ORLE,1992,2.456385
NEW_ORLE,1993,2.628987
NEW_ORLE,1994,1.348521
NEW_ORLE,1995,1.644648
NEW_ORLE,1996,1.874383
NEW_ORLE,1997,3.128538
NEW_ORLE,1998,3.228671
NEW_ORLE,1999,3.25265
NEW_ORLE,2000,1.216653
NEW_YOR,1980,-0.06682
NEW_YOR,1981,-0.07292
NEW_YOR,1982,0.017585
NEW_YOR,1983,-0.00549
NEW_YOR,1984,0.141091
NEW_YOR,1985,0.266054
NEW_YOR,1986,1.612882
NEW_YOR,1987,2.096637
NEW_YOR,1988,3.054652
NEW_YOR,1989,3.720276
NEW_YOR,1990,3.362686
NEW_YOR,1991,3.898878
NEW_YOR,1992,4.062645
NEW_YOR,1993,4.623832
NEW_YOR,1994,4.534023
NEW_YOR,1995,4.663489
NEW_YOR,1996,4.74313
NEW_YOR,1997,3.975203
NEW_YOR,1998,3.965146
NEW_YOR,1999,3.272377
NEW_YOR,2000,2.921796
NEWARK,1980,-0.29336
NEWARK,1981,0.021725
NEWARK,1982,0.133984
NEWARK,1983,0.008492
NEWARK,1984,0.153183
NEWARK,1985,0.147986
NEWARK,1986,2.617299
NEWARK,1987,2.753903
NEWARK,1988,3.825007
NEWARK,1989,3.813687
NEWARK,1990,3.457462
NEWARK,1991,4.330934
NEWARK,1992,3.061733
NEWARK,1993,3.087424
NEWARK,1994,7.115625
NEWARK,1995,8.000519
NEWARK,1996,7.279374
NEWARK,1997,7.437874
NEWARK,1998,7.172752
NEWARK,1999,7.022937
NEWARK,2000,6.409422
NEWPORT,1980,-0.03517
NEWPORT,1981,-0.0032
NEWPORT,1982,-0.00721
NEWPORT,1983,0.007795
NEWPORT,1984,0.037786
NEWPORT,1985,0.140886
NEWPORT,1986,0.119642
NEWPORT,1987,0.426574
NEWPORT,1988,0.239403
NEWPORT,1989,0.767882
NEWPORT,1990,0.44548
NEWPORT,1991,0.644883
NEWPORT,1992,0.976119
NEWPORT,1993,0.721497
NEWPORT,1994,0.78126
NEWPORT,1995,0.7312
NEWPORT,1996,0.618408
NEWPORT,1997,0.762089
NEWPORT,1998,0.911052
NEWPORT,1999,1.072788
NEWPORT,2000,0.935565
NORFOLK,1980,-0.00828
NORFOLK,1981,-0.0079
NORFOLK,1982,-0.0079
NORFOLK,1983,-0.0079
NORFOLK,1984,0.031591
NORFOLK,1985,0.071268
NORFOLK,1986,0.215167
NORFOLK,1987,0.243173
NORFOLK,1988,0.2129
NORFOLK,1989,0.605378
NORFOLK,1990,0.557146
NORFOLK,1991,0.605518
NORFOLK,1992,0.348802
NORFOLK,1993,0.330832
NORFOLK,1994,0.508055
NORFOLK,1995,0.567928
NORFOLK,1996,0.636871
NORFOLK,1997,0.465064
NORFOLK,1998,0.591057
NORFOLK,1999,0.559749
NORFOLK,2000,0.502094
OAKLAND,1980,-0.0714
OAKLAND,1981,-0.03315
OAKLAND,1982,-0.27628
OAKLAND,1983,0.22148
OAKLAND,1984,0.159348
OAKLAND,1985,0.491306
OAKLAND,1986,1.144709
OAKLAND,1987,2.056156
OAKLAND,1988,2.644624
OAKLAND,1989,4.121979
OAKLAND,1990,4.470246
OAKLAND,1991,4.900436
OAKLAND,1992,4.158919
OAKLAND,1993,4.285744
OAKLAND,1994,3.950099
OAKLAND,1995,1.086344
OAKLAND,1996,2.976408
OAKLAND,1997,3.108649
OAKLAND,1998,3.056679
OAKLAND,1999,3.418161
OAKLAND,2000,3.265024
OKLAHOM,1980,-0.20782
OKLAHOM,1981,-0.16537
OKLAHOM,1982,0.010934
OKLAHOM,1983,0.114896
OKLAHOM,1984,0.28852
OKLAHOM,1985,0.313917
OKLAHOM,1986,0.398972
OKLAHOM,1987,0.708203
OKLAHOM,1988,1.277498
OKLAHOM,1989,1.907193
OKLAHOM,1990,1.114109
OKLAHOM,1991,1.075378
OKLAHOM,1992,1.232899
OKLAHOM,1993,1.624867
OKLAHOM,1994,1.485464
OKLAHOM,1995,1.490102
OKLAHOM,1996,1.877821
OKLAHOM,1997,1.706965
OKLAHOM,1998,1.482161
OKLAHOM,1999,1.306478
OKLAHOM,2000,1.271556
OMAHA,1980,0.061066
OMAHA,1981,-0.02747
OMAHA,1982,-0.00479
OMAHA,1983,-0.1126
OMAHA,1984,0.04872
OMAHA,1985,-0.04215
OMAHA,1986,0.007892
OMAHA,1987,0.007839
OMAHA,1988,2.017917
OMAHA,1989,2.179054
OMAHA,1990,0.990138
OMAHA,1991,0.641546
OMAHA,1992,0.406179
OMAHA,1993,0.681728
OMAHA,1994,0.780826
OMAHA,1995,0.624412
OMAHA,1996,0.702524
OMAHA,1997,0.702608
OMAHA,1998,0.786508
OMAHA,1999,0.523458
OMAHA,2000,0.612417
ORLANDO,1980,-0.01975
ORLANDO,1981,-0.01438
ORLANDO,1982,-0.04127
ORLANDO,1983,0.012963
ORLANDO,1984,0.076424
ORLANDO,1985,0.34476
ORLANDO,1986,1.591932
ORLANDO,1987,1.561763
ORLANDO,1988,0.823213
ORLANDO,1989,0.685677
ORLANDO,1990,2.466802
ORLANDO,1991,0.623166
ORLANDO,1992,2.416666
ORLANDO,1993,2.305642
ORLANDO,1994,2.083971
ORLANDO,1995,2.30653
ORLANDO,1996,0.771885
ORLANDO,1997,0.980625
ORLANDO,1998,0.336992
ORLANDO,1999,0.641564
ORLANDO,2000,0.582841
PASADENA,1980
PASADENA,1981
PASADENA,1982,0
PASADENA,1983,0
PASADENA,1984,0
PASADENA,1985,0.282434
PASADENA,1986,0.189195
PASADENA,1987,0.23764
PASADENA,1988,0.191035
PASADENA,1989,0.23996
PASADENA,1990,0.144682
PASADENA,1991,0.240559
PASADENA,1992,0.335977
PASADENA,1993,0.383057
PASADENA,1994,0.286609
PASADENA,1995,0.381238
PASADENA,1996,0.285251
PASADENA,1997,0.094859
PASADENA,1998,0.236588
PASADENA,1999,0.236031
PASADENA,2000,0
PATERSO,1980,-0.18615
PATERSO,1981,-0.0563
PATERSO,1982,0.134011
PATERSO,1983,0.062346
PATERSO,1984,0.070583
PATERSO,1985,0.480952
PATERSO,1986,1.781431
PATERSO,1987,2.57949
PATERSO,1988,3.040142
PATERSO,1989,2.515246
PATERSO,1990,1.961108
PATERSO,1991,2.516382
PATERSO,1992,1.98056
PATERSO,1993,2.610023
PATERSO,1994,3.408912
PATERSO,1995,5.731702
PATERSO,1996,3.903498
PATERSO,1997,4.244617
PATERSO,1998,3.832864
PATERSO,1999,3.039977
PATERSO,2000,3.947139
PEORIA_IL,1980,-0.06715
PEORIA_IL,1981,-0.04869
PEORIA_IL,1982,0.110447
PEORIA_IL,1983,-0.0725
PEORIA_IL,1984,0.077898
PEORIA_IL,1985,0.00157
PEORIA_IL,1986,-0.07886
PEORIA_IL,1987,-0.06167
PEORIA_IL,1988,0.174317
PEORIA_IL,1989,0.268635
PEORIA_IL,1990,0.157364
PEORIA_IL,1991,0.321063
PEORIA_IL,1992,0.682436
PEORIA_IL,1993,0.064646
PEORIA_IL,1994,0.020193
PEORIA_IL,1995,-0.02461
PEORIA_IL,1996,0.110876
PEORIA_IL,1997,0.02073
PEORIA_IL,1998,0.066437
PEORIA_IL,1999,0.021095
PEORIA_IL,2000,0.113068
PHILADEL,1980,-0.00135
PHILADEL,1981,-0.03912
PHILADEL,1982,-0.04541
PHILADEL,1983,0.002751
PHILADEL,1984,0.082865
PHILADEL,1985,0.384559
PHILADEL,1986,1.41302
PHILADEL,1987,2.141624
PHILADEL,1988,4.233614
PHILADEL,1989,4.793588
PHILADEL,1990,4.167108
PHILADEL,1991,3.801818
PHILADEL,1992,3.869334
PHILADEL,1993,3.814147
PHILADEL,1994,3.742213
PHILADEL,1995,3.468275
PHILADEL,1996,3.439742
PHILADEL,1997,3.750397
PHILADEL,1998,4.223886
PHILADEL,1999,4.341392
PHILADEL,2000,4.087146
PHOENIX,1980,-0.11665
PHOENIX,1981,-0.04429
PHOENIX,1982,-0.11342
PHOENIX,1983,0.153775
PHOENIX,1984,0.113673
PHOENIX,1985,0.489907
PHOENIX,1986,2.30832
PHOENIX,1987,1.193682
PHOENIX,1988,1.798388
PHOENIX,1989,2.259659
PHOENIX,1990,1.85689
PHOENIX,1991,1.638313
PHOENIX,1992,1.470942
PHOENIX,1993,1.431455
PHOENIX,1994,1.046486
PHOENIX,1995,1.438237
PHOENIX,1996,1.946728
PHOENIX,1997,1.653479
PHOENIX,1998,2.75501
PHOENIX,1999,2.797622
PHOENIX,2000,2.227271
PITTSBUR,1980,-0.18844
PITTSBUR,1981,-0.03296
PITTSBUR,1982,-0.0188
PITTSBUR,1983,0.40465
PITTSBUR,1984,-0.1617
PITTSBUR,1985,0.132511
PITTSBUR,1986,0.800608
PITTSBUR,1987,1.479172
PITTSBUR,1988,1.599109
PITTSBUR,1989,1.169102
PITTSBUR,1990,3.307307
PITTSBUR,1991,2.682687
PITTSBUR,1992,2.487463
PITTSBUR,1993,3.816635
PITTSBUR,1994,2.604098
PITTSBUR,1995,3.454897
PITTSBUR,1996,2.808488
PITTSBUR,1997,2.988409
PITTSBUR,1998,3.604351
PITTSBUR,1999,3.958601
PITTSBUR,2000,3.522414
PORTLAND,1980,-0.01863
PORTLAND,1981,-0.1411
PORTLAND,1982,-0.0601
PORTLAND,1983,0.265583
PORTLAND,1984,-0.0375
PORTLAND,1985,0.136057
PORTLAND,1986,0.336096
PORTLAND,1987,1.561911
PORTLAND,1988,2.136708
PORTLAND,1989,2.663628
PORTLAND,1990,2.262928
PORTLAND,1991,2.116839
PORTLAND,1992,2.515803
PORTLAND,1993,2.737057
PORTLAND,1994,2.019868
PORTLAND,1995,2.19684
PORTLAND,1996,2.411842
PORTLAND,1997,2.454779
PORTLAND,1998,2.569827
PORTLAND,1999,2.087753
PORTLAND,2000,2.253496
PROVIDEN,1980,-0.12933
PROVIDEN,1981,-0.20984
PROVIDEN,1982,-0.03062
PROVIDEN,1983,0.093583
PROVIDEN,1984,0.246567
PROVIDEN,1985,0.219578
PROVIDEN,1986,0.886682
PROVIDEN,1987,1.315878
PROVIDEN,1988,1.670446
PROVIDEN,1989,1.408897
PROVIDEN,1990,0.980635
PROVIDEN,1991,0.979357
PROVIDEN,1992,0.960204
PROVIDEN,1993,1.096136
PROVIDEN,1994,1.36362
PROVIDEN,1995,2.548137
PROVIDEN,1996,2.284737
PROVIDEN,1997,3.639732
PROVIDEN,1998,2.958729
PROVIDEN,1999,2.863382
PROVIDEN,2000,3.179974
RALEIGH,1980,-0.03365
RALEIGH,1981,-0.01919
RALEIGH,1982,-0.01561
RALEIGH,1983,0.072325
RALEIGH,1984,-0.01431
RALEIGH,1985,-0.00236
RALEIGH,1986,0.163456
RALEIGH,1987,0.671239
RALEIGH,1988,0.637616
RALEIGH,1989,1.25531
RALEIGH,1990,1.288952
RALEIGH,1991,1.831154
RALEIGH,1992,2.035184
RALEIGH,1993,1.583488
RALEIGH,1994,1.669406
RALEIGH,1995,1.711984
RALEIGH,1996,1.61527
RALEIGH,1997,1.630794
RALEIGH,1998,1.313301
RALEIGH,1999,0.941099
RALEIGH,2000,0.977488
RICHMON,1980,0.000336
RICHMON,1981,-0.03201
RICHMON,1982,0.058018
RICHMON,1983,-0.03278
RICHMON,1984,0.005674
RICHMON,1985,0.007296
RICHMON,1986,0.008662
RICHMON,1987,0.338262
RICHMON,1988,0.689361
RICHMON,1989,0.809854
RICHMON,1990,0.48349
RICHMON,1991,0.411076
RICHMON,1992,0.875334
RICHMON,1993,1.127028
RICHMON,1994,1.473344
RICHMON,1995,1.485858
RICHMON,1996,0.861026
RICHMON,1997,0.739452
RICHMON,1998,0.52292
RICHMON,1999,1.139841
RICHMON,2000,0.626058
RIVERSIDE,1980,-0.07502
RIVERSIDE,1981,0.020095
RIVERSIDE,1982,0.035321
RIVERSIDE,1983,0.033009
RIVERSIDE,1984,-0.01331
RIVERSIDE,1985,0.307525
RIVERSIDE,1986,2.069709
RIVERSIDE,1987,1.438674
RIVERSIDE,1988,2.044137
RIVERSIDE,1989,2.10806
RIVERSIDE,1990,1.534014
RIVERSIDE,1991,1.099337
RIVERSIDE,1992,1.543011
RIVERSIDE,1993,1.890424
RIVERSIDE,1994,1.335787
RIVERSIDE,1995,1.489441
RIVERSIDE,1996,1.670344
RIVERSIDE,1997,1.685381
RIVERSIDE,1998,1.447376
RIVERSIDE,1999,1.323117
RIVERSIDE,2000,1.359811
ROCHEST,1980,-0.02225
ROCHEST,1981,0.008132
ROCHEST,1982,-0.02186
ROCHEST,1983,0.008548
ROCHEST,1984,0.019359
ROCHEST,1985,0.025837
ROCHEST,1986,0.578139
ROCHEST,1987,0.251797
ROCHEST,1988,0.562357
ROCHEST,1989,0.308895
ROCHEST,1990,0.19309
ROCHEST,1991,0.463969
ROCHEST,1992,0.340342
ROCHEST,1993,0.181458
ROCHEST,1994,0.144624
ROCHEST,1995,0.247676
ROCHEST,1996,0.058748
ROCHEST,1997,0.269563
ROCHEST,1998,0.216553
ROCHEST,1999,0.175915
ROCHEST,2000,0.173092
ROCKFOR,1980,-0.01188
ROCKFOR,1981,0.031227
ROCKFOR,1982,0.003612
ROCKFOR,1983,-0.0161
ROCKFOR,1984,-0.00679
ROCKFOR,1985,-0.02999
ROCKFOR,1986,0.205829
ROCKFOR,1987,0.112981
ROCKFOR,1988,0.118053
ROCKFOR,1989,0.218487
ROCKFOR,1990,0.186088
ROCKFOR,1991,0.480851
ROCKFOR,1992,0.35042
ROCKFOR,1993,0.305685
ROCKFOR,1994,0.634058
ROCKFOR,1995,0.079208
ROCKFOR,1996,0.083741
ROCKFOR,1997,0.081522
ROCKFOR,1998,0.26869
ROCKFOR,1999,0.233405
ROCKFOR,2000,0.108056
SACRAME,1980,0.061593
SACRAME,1981,-0.19682
SACRAME,1982,0.263399
SACRAME,1983,-0.13448
SACRAME,1984,-0.02099
SACRAME,1985,-0.05869
SACRAME,1986,0.706022
SACRAME,1987,0.844115
SACRAME,1988,1.621177
SACRAME,1989,2.922697
SACRAME,1990,2.747561
SACRAME,1991,1.912174
SACRAME,1992,1.914042
SACRAME,1993,1.5145
SACRAME,1994,1.903319
SACRAME,1995,1.520502
SACRAME,1996,1.886186
SACRAME,1997,1.043373
SACRAME,1998,0.843673
SACRAME,1999,0.812623
SACRAME,2000,1.226182
SALT_LAKE,1980,0.285318
SALT_LAKE,1981,-0.10257
SALT_LAKE,1982,-0.19432
SALT_LAKE,1983,-0.18585
SALT_LAKE,1984,0.197464
SALT_LAKE,1985,0.142184
SALT_LAKE,1986,0.924254
SALT_LAKE,1987,0.813012
SALT_LAKE,1988,0.967827
SALT_LAKE,1989,1.560919
SALT_LAKE,1990,0.726187
SALT_LAKE,1991,1.172573
SALT_LAKE,1992,0.750829
SALT_LAKE,1993,1.807445
SALT_LAKE,1994,2.029638
SALT_LAKE,1995,2.697774
SALT_LAKE,1996,4.430943
SALT_LAKE,1997,3.892213
SALT_LAKE,1998,4.768262
SALT_LAKE,1999,4.609359
SALT_LAKE,2000,4.280936
SAN_ANTO,1980,0.371218
SAN_ANTO,1981,-0.09667
SAN_ANTO,1982,-0.11865
SAN_ANTO,1983,-0.11979
SAN_ANTO,1984,-0.0361
SAN_ANTO,1985,0.032887
SAN_ANTO,1986,0.219128
SAN_ANTO,1987,0.774765
SAN_ANTO,1988,1.257854
SAN_ANTO,1989,2.460775
SAN_ANTO,1990,0.997667
SAN_ANTO,1991,1.494911
SAN_ANTO,1992,3.094031
SAN_ANTO,1993,1.789063
SAN_ANTO,1994,1.515958
SAN_ANTO,1995,1.193376
SAN_ANTO,1996,0.963419
SAN_ANTO,1997,0.687511
SAN_ANTO,1998,0.611546
SAN_ANTO,1999,0.417038
SAN_ANTO,2000,0.38841
SAN_DIEGO,1980,0.030222
SAN_DIEGO,1981,-0.41212
SAN_DIEGO,1982,0.005789
SAN_DIEGO,1983,0.221107
SAN_DIEGO,1984,0.108244
SAN_DIEGO,1985,0.114261
SAN_DIEGO,1986,1.151737
SAN_DIEGO,1987,1.444913
SAN_DIEGO,1988,3.062298
SAN_DIEGO,1989,3.472362
SAN_DIEGO,1990,2.707382
SAN_DIEGO,1991,2.27864
SAN_DIEGO,1992,2.262711
SAN_DIEGO,1993,2.107577
SAN_DIEGO,1994,2.006284
SAN_DIEGO,1995,1.950945
SAN_DIEGO,1996,2.542135
SAN_DIEGO,1997,1.982277
SAN_DIEGO,1998,2.256642
SAN_DIEGO,1999,2.052058
SAN_DIEGO,2000,2.216636
SAN_FRAN,1980,-0.28722
SAN_FRAN,1981,-0.44698
SAN_FRAN,1982,0.164618
SAN_FRAN,1983,0.118695
SAN_FRAN,1984,0.482247
SAN_FRAN,1985,0.161947
SAN_FRAN,1986,1.258589
SAN_FRAN,1987,2.231575
SAN_FRAN,1988,3.936396
SAN_FRAN,1989,5.918075
SAN_FRAN,1990,5.46216
SAN_FRAN,1991,5.381659
SAN_FRAN,1992,5.162888
SAN_FRAN,1993,4.871128
SAN_FRAN,1994,4.951316
SAN_FRAN,1995,4.088923
SAN_FRAN,1996,4.103419
SAN_FRAN,1997,3.550545
SAN_FRAN,1998,4.070043
SAN_FRAN,1999,3.75143
SAN_FRAN,2000,2.976417
SAN_JOSE,1980,-0.3051
SAN_JOSE,1981,-0.29089
SAN_JOSE,1982,-0.11276
SAN_JOSE,1983,0.227853
SAN_JOSE,1984,0.643992
SAN_JOSE,1985,0.600292
SAN_JOSE,1986,1.958573
SAN_JOSE,1987,1.768801
SAN_JOSE,1988,2.394043
SAN_JOSE,1989,2.047625
SAN_JOSE,1990,1.293024
SAN_JOSE,1991,1.009297
SAN_JOSE,1992,1.24363
SAN_JOSE,1993,0.834458
SAN_JOSE,1994,0.838327
SAN_JOSE,1995,0.752469
SAN_JOSE,1996,1.968836
SAN_JOSE,1997,1.19845
SAN_JOSE,1998,0.748739
SAN_JOSE,1999,0.593919
SAN_JOSE,2000,0.558657
SANTA_AN,1980,-0.20439
SANTA_AN,1981,-0.17519
SANTA_AN,1982,-0.14748
SANTA_AN,1983,0.164707
SANTA_AN,1984,0.365696
SANTA_AN,1985,0.813985
SANTA_AN,1986,0.884758
SANTA_AN,1987,0.619272
SANTA_AN,1988,0.700035
SANTA_AN,1989,0.944761
SANTA_AN,1990,0.624206
SANTA_AN,1991,0.851606
SANTA_AN,1992,1.583235
SANTA_AN,1993,1.622715
SANTA_AN,1994,1.397923
SANTA_AN,1995,0.557288
SANTA_AN,1996,0.944476
SANTA_AN,1997,0.737402
SANTA_AN,1998,0.693953
SANTA_AN,1999,1.168741
SANTA_AN,2000,0.669532
SAVANNA,1980,-0.01415
SAVANNA,1981,-0.01415
SAVANNA,1982,-0.01677
SAVANNA,1983,-0.01415
SAVANNA,1984,0.061316
SAVANNA,1985,0.023992
SAVANNA,1986,-0.0017
SAVANNA,1987,0.075832
SAVANNA,1988,-0.00686
SAVANNA,1989,0.00096
SAVANNA,1990,0.097697
SAVANNA,1991,0.034312
SAVANNA,1992,-0.01307
SAVANNA,1993,-0.00508
SAVANNA,1994,0.152138
SAVANNA,1995,0.032095
SAVANNA,1996,0.037243
SAVANNA,1997,0.098533
SAVANNA,1998,0.087744
SAVANNA,1999,0.114063
SAVANNA,2000,0.024493
SEATTLE,1980,-0.04982
SEATTLE,1981,0.044992
SEATTLE,1982,0.039224
SEATTLE,1983,-0.08239
SEATTLE,1984,0.069107
SEATTLE,1985,0.16621
SEATTLE,1986,1.452429
SEATTLE,1987,1.388631
SEATTLE,1988,2.798914
SEATTLE,1989,3.021417
SEATTLE,1990,2.99046
SEATTLE,1991,3.071753
SEATTLE,1992,4.391854
SEATTLE,1993,4.289537
SEATTLE,1994,3.583322
SEATTLE,1995,2.389123
SEATTLE,1996,2.673027
SEATTLE,1997,2.569953
SEATTLE,1998,2.610524
SEATTLE,1999,2.468047
SEATTLE,2000,2.600013
SHREVEPO,1980,-0.0487
SHREVEPO,1981,0.045565
SHREVEPO,1982,0.038113
SHREVEPO,1983,0.001127
SHREVEPO,1984,-0.03611
SHREVEPO,1985,0.007507
SHREVEPO,1986,-0.02982
SHREVEPO,1987,-0.04982
SHREVEPO,1988,0.207185
SHREVEPO,1989,0.561234
SHREVEPO,1990,0.413226
SHREVEPO,1991,0.49184
SHREVEPO,1992,1.045622
SHREVEPO,1993,0.690573
SHREVEPO,1994,0.64032
SHREVEPO,1995,0.591913
SHREVEPO,1996,0.461456
SHREVEPO,1997,0.365482
SHREVEPO,1998,0.404933
SHREVEPO,1999,0.286472
SHREVEPO,2000,0.500737
SOUTH_BE,1980,-0.00926
SOUTH_BE,1981,0.007534
SOUTH_BE,1982,-0.0372
SOUTH_BE,1983,-0.03593
SOUTH_BE,1984,0.037049
SOUTH_BE,1985,-0.0075
SOUTH_BE,1986,-0.00749
SOUTH_BE,1987,0.159654
SOUTH_BE,1988,0.284523
SOUTH_BE,1989,0.262307
SOUTH_BE,1990,-0.00926
SOUTH_BE,1991,0.077838
SOUTH_BE,1992,0.21339
SOUTH_BE,1993,0.340861
SOUTH_BE,1994,0.390226
SOUTH_BE,1995,0.322261
SOUTH_BE,1996,0.656508
SOUTH_BE,1997,0.365122
SOUTH_BE,1998,0.592058
SOUTH_BE,1999,0.449857
SOUTH_BE,2000,0.528385
SPOKANE,1980,-0.03491
SPOKANE,1981,-0.04502
SPOKANE,1982,-0.04785
SPOKANE,1983,0.011803
SPOKANE,1984,0.102357
SPOKANE,1985,0.125254
SPOKANE,1986,0.25351
SPOKANE,1987,0.118179
SPOKANE,1988,0.41998
SPOKANE,1989,0.448586
SPOKANE,1990,0.189869
SPOKANE,1991,0.252126
SPOKANE,1992,0.185364
SPOKANE,1993,0.223358
SPOKANE,1994,0.491035
SPOKANE,1995,0.615647
SPOKANE,1996,0.362825
SPOKANE,1997,0.215619
SPOKANE,1998,0.215398
SPOKANE,1999,0.566482
SPOKANE,2000,0.606136
SPRINGFIE,1980,-0.15403
SPRINGFIE,1981,-0.09179
SPRINGFIE,1982,-0.06709
SPRINGFIE,1983,-0.02019
SPRINGFIE,1984,0.33779
SPRINGFIE,1985,0.051165
SPRINGFIE,1986,0.270802
SPRINGFIE,1987,0.91914
SPRINGFIE,1988,1.199154
SPRINGFIE,1989,0.917691
SPRINGFIE,1990,0.764141
SPRINGFIE,1991,0.952526
SPRINGFIE,1992,0.933637
SPRINGFIE,1993,1.056599
SPRINGFIE,1994,1.044798
SPRINGFIE,1995,1.300059
SPRINGFIE,1996,1.044513
SPRINGFIE,1997,2.295218
SPRINGFIE,1998,1.569234
SPRINGFIE,1999,1.43897
SPRINGFIE,2000,1.221198
SPRINGFIE,1980,0
SPRINGFIE,1981,0
SPRINGFIE,1982,0
SPRINGFIE,1983,-0.00043
SPRINGFIE,1984,0.000425
SPRINGFIE,1985,0
SPRINGFIE,1986,0.028364
SPRINGFIE,1987,0.559591
SPRINGFIE,1988,0.089696
SPRINGFIE,1989,0.099002
SPRINGFIE,1990,0.069986
SPRINGFIE,1991,0.088886
SPRINGFIE,1992,0.026416
SPRINGFIE,1993,0.460432
SPRINGFIE,1994,0.574217
SPRINGFIE,1995,0.096075
SPRINGFIE,1996,0.077879
SPRINGFIE,1997,1.457329
SPRINGFIE,1998,0.044627
SPRINGFIE,1999,0.027218
SPRINGFIE,2000,0.005177
ST._LOUIS,1980,-0.00591
ST._LOUIS,1981,0.037495
ST._LOUIS,1982,-0.03609
ST._LOUIS,1983,-0.02788
ST._LOUIS,1984,0.03868
ST._LOUIS,1985,0.156228
ST._LOUIS,1986,0.770078
ST._LOUIS,1987,0.959172
ST._LOUIS,1988,1.334381
ST._LOUIS,1989,1.637947
ST._LOUIS,1990,1.272773
ST._LOUIS,1991,1.758869
ST._LOUIS,1992,1.709667
ST._LOUIS,1993,2.16703
ST._LOUIS,1994,2.388065
ST._LOUIS,1995,1.747319
ST._LOUIS,1996,2.027604
ST._LOUIS,1997,1.449354
ST._LOUIS,1998,1.578102
ST._LOUIS,1999,1.624263
ST._LOUIS,2000,1.638007
ST._PAUL,1980,-0.0296
ST._PAUL,1981,-0.07189
ST._PAUL,1982,-0.00443
ST._PAUL,1983,0.015432
ST._PAUL,1984,0.07801
ST._PAUL,1985,0.211662
ST._PAUL,1986,0.854454
ST._PAUL,1987,0.367629
ST._PAUL,1988,1.848512
ST._PAUL,1989,1.714988
ST._PAUL,1990,1.270243
ST._PAUL,1991,0.353155
ST._PAUL,1992,0.270274
ST._PAUL,1993,1.621832
ST._PAUL,1994,1.406111
ST._PAUL,1995,1.602739
ST._PAUL,1996,1.436366
ST._PAUL,1997,1.25946
ST._PAUL,1998,2.145051
ST._PAUL,1999,1.615303
ST._PAUL,2000,0.175443
ST._PETER,1980,0.020615
ST._PETER,1981,-0.09672
ST._PETER,1982,0.043775
ST._PETER,1983,-0.06187
ST._PETER,1984,0.080344
ST._PETER,1985,0.225492
ST._PETER,1986,0.597018
ST._PETER,1987,1.438392
ST._PETER,1988,0.589872
ST._PETER,1989,0.896087
ST._PETER,1990,1.851156
ST._PETER,1991,1.685948
ST._PETER,1992,1.628929
ST._PETER,1993,2.050398
ST._PETER,1994,1.662912
ST._PETER,1995,2.086298
ST._PETER,1996,0.5935
ST._PETER,1997,0.536454
ST._PETER,1998,0.572468
ST._PETER,1999,0.445437
ST._PETER,2000,0.395138
STERLING,1980,0.01593
STERLING,1981,-0.01593
STERLING,1982,0
STERLING,1983,0
STERLING,1984,0
STERLING,1985,0
STERLING,1986,0
STERLING,1987,0
STERLING,1988,0.044351
STERLING,1989,0
STERLING,1990,-0.02145
STERLING,1991,-0.02358
STERLING,1992,-0.00271
STERLING,1993,-0.00106
STERLING,1994,0.006937
STERLING,1995,0.083871
STERLING,1996,0
STERLING,1997,0.0957
STERLING,1998,0.01565
STERLING,1999,0.110328
STERLING,2000,0.285158
STOCKTO,1980,-0.08938
STOCKTO,1981,-0.20834
STOCKTO,1982,-0.06385
STOCKTO,1983,0.122331
STOCKTO,1984,0.239237
STOCKTO,1985,0.46616
STOCKTO,1986,0.594573
STOCKTO,1987,0.802876
STOCKTO,1988,1.170575
STOCKTO,1989,1.030839
STOCKTO,1990,0.750549
STOCKTO,1991,1.103057
STOCKTO,1992,1.611022
STOCKTO,1993,1.336691
STOCKTO,1994,0.737396
STOCKTO,1995,0.85125
STOCKTO,1996,0.944125
STOCKTO,1997,0.945937
STOCKTO,1998,1.046037
STOCKTO,1999,0.96267
STOCKTO,2000,0.807296
SYRACUS,1980,-0.13479
SYRACUS,1981,0.008124
SYRACUS,1982,0.159772
SYRACUS,1983,0.173291
SYRACUS,1984,-0.14542
SYRACUS,1985,0.28263
SYRACUS,1986,-0.00478
SYRACUS,1987,-0.06144
SYRACUS,1988,0.380801
SYRACUS,1989,0.280279
SYRACUS,1990,0.103338
SYRACUS,1991,0.221431
SYRACUS,1992,0.198299
SYRACUS,1993,0.367285
SYRACUS,1994,0.328915
SYRACUS,1995,0.327331
SYRACUS,1996,0.261204
SYRACUS,1997,0.353356
SYRACUS,1998,0.210861
SYRACUS,1999,0.222981
SYRACUS,2000,0.276178
TACOMA,1980,-0.09819
TACOMA,1981,0.091154
TACOMA,1982,-0.08958
TACOMA,1983,0.004049
TACOMA,1984,0.09453
TACOMA,1985,0.002322
TACOMA,1986,0.239149
TACOMA,1987,0.540334
TACOMA,1988,1.236287
TACOMA,1989,0.146406
TACOMA,1990,0.029283
TACOMA,1991,0.108579
TACOMA,1992,0.033271
TACOMA,1993,0.356147
TACOMA,1994,0.065478
TACOMA,1995,0.16538
TACOMA,1996,0.231717
TACOMA,1997,0.296444
TACOMA,1998,0.09899
TACOMA,1999,1.121065
TACOMA,2000,1.458895
TAMPA,1980,-0.26519
TAMPA,1981,-0.27231
TAMPA,1982,0.116918
TAMPA,1983,0.023787
TAMPA,1984,0.396787
TAMPA,1985,0.407371
TAMPA,1986,1.154195
TAMPA,1987,2.071478
TAMPA,1988,0.84843
TAMPA,1989,0.854359
TAMPA,1990,1.750478
TAMPA,1991,1.632291
TAMPA,1992,1.819232
TAMPA,1993,1.333707
TAMPA,1994,1.704376
TAMPA,1995,1.736241
TAMPA,1996,0.855578
TAMPA,1997,0.646943
TAMPA,1998,1.048225
TAMPA,1999,0.63294
TAMPA,2000,0.526532
TOLEDO,1980,0.00697
TOLEDO,1981,-0.0249
TOLEDO,1982,-0.01113
TOLEDO,1983,-0.0155
TOLEDO,1984,0.044324
TOLEDO,1985,0.071306
TOLEDO,1986,0.24625
TOLEDO,1987,0.267335
TOLEDO,1988,0.400631
TOLEDO,1989,0.488438
TOLEDO,1990,0.432736
TOLEDO,1991,0.366321
TOLEDO,1992,0.297541
TOLEDO,1993,0.328225
TOLEDO,1994,0.48202
TOLEDO,1995,0.45113
TOLEDO,1996,0.43177
TOLEDO,1997,0.413674
TOLEDO,1998,0.494552
TOLEDO,1999,0.561664
TOLEDO,2000,0.500413
TOPEKA,1980,-0.06005
TOPEKA,1981,0.059491
TOPEKA,1982,0.018861
TOPEKA,1983,0.052358
TOPEKA,1984,-0.07066
TOPEKA,1985,0.003268
TOPEKA,1986,-0.05723
TOPEKA,1987,0.068363
TOPEKA,1988,-0.05096
TOPEKA,1989,0.037187
TOPEKA,1990,0.016819
TOPEKA,1991,0.165603
TOPEKA,1992,0.134994
TOPEKA,1993,-0.01715
TOPEKA,1994,0.026092
TOPEKA,1995,0.069634
TOPEKA,1996,-0.01715
TOPEKA,1997,-0.01715
TOPEKA,1998,-0.01715
TOPEKA,1999,0.070852
TOPEKA,2000,0.203633
TORRANC,1980,0.019756
TORRANC,1981,-0.16225
TORRANC,1982,-0.1551
TORRANC,1983,0.173512
TORRANC,1984,0.124075
TORRANC,1985,0.102697
TORRANC,1986,0.335898
TORRANC,1987,0.223189
TORRANC,1988,0.337074
TORRANC,1989,1.17268
TORRANC,1990,0.389857
TORRANC,1991,0.499048
TORRANC,1992,0.213696
TORRANC,1993,0.251977
TORRANC,1994,0.069661
TORRANC,1995,0.216842
TORRANC,1996,0.07284
TORRANC,1997,0.127264
TORRANC,1998,0.083494
TORRANC,1999,0.18705
TORRANC,2000,0.563575
TUCSON,1980,-0.07887
TUCSON,1981,-0.10618
TUCSON,1982,0.020948
TUCSON,1983,0.103188
TUCSON,1984,0.004097
TUCSON,1985,-0.01098
TUCSON,1986,0.374221
TUCSON,1987,0.30178
TUCSON,1988,1.132276
TUCSON,1989,1.590483
TUCSON,1990,0.666616
TUCSON,1991,1.918456
TUCSON,1992,0.670949
TUCSON,1993,1.045007
TUCSON,1994,1.250136
TUCSON,1995,1.207482
TUCSON,1996,1.556159
TUCSON,1997,1.015215
TUCSON,1998,1.954817
TUCSON,1999,3.205472
TUCSON,2000,2.727109
TULSA,1980,0.002893
TULSA,1981,-0.00578
TULSA,1982,0.004747
TULSA,1983,0.013502
TULSA,1984,-0.01521
TULSA,1985,0.06547
TULSA,1986,0.189901
TULSA,1987,0.140967
TULSA,1988,0.226224
TULSA,1989,0.255545
TULSA,1990,0.09083
TULSA,1991,0.11107
TULSA,1992,0.243225
TULSA,1993,0.257904
TULSA,1994,0.349976
TULSA,1995,0.256454
TULSA,1996,0.293011
TULSA,1997,0.108276
TULSA,1998,0.176808
TULSA,1999,0.274469
TULSA,2000,0.184193
VIRGINIA_B,1980,-0.00659
VIRGINIA_B,1981,0.011363
VIRGINIA_B,1982,-0.00693
VIRGINIA_B,1983,-0.00693
VIRGINIA_B,1984,0.009309
VIRGINIA_B,1985,-0.00693
VIRGINIA_B,1986,0.04046
VIRGINIA_B,1987,0.024339
VIRGINIA_B,1988,0.021136
VIRGINIA_B,1989,0.006642
VIRGINIA_B,1990,0.006211
VIRGINIA_B,1991,0.019258
VIRGINIA_B,1992,0.005602
VIRGINIA_B,1993,0.045076
VIRGINIA_B,1994,0.070806
VIRGINIA_B,1995,0.031802
VIRGINIA_B,1996,0.005779
VIRGINIA_B,1997,0.032134
VIRGINIA_B,1998,0.045024
VIRGINIA_B,1999,0.05845
VIRGINIA_B,2000,0.043826
WARREN,1980,0
WARREN,1981,0
WARREN,1982,0.001988
WARREN,1983,-0.00195
WARREN,1984,0
WARREN,1985,0.007798
WARREN,1986,0.047187
WARREN,1987,0.167477
WARREN,1988,0.001157
WARREN,1989,0.396449
WARREN,1990,0.336484
WARREN,1991,0.25283
WARREN,1992,0.032711
WARREN,1993,1.177076
WARREN,1994,0.033329
WARREN,1995,0
WARREN,1996,0.067942
WARREN,1997,0
WARREN,1998,0
WARREN,1999,0.104944
WARREN,2000,0.105995
WASHINGT,1980,-0.34994
WASHINGT,1981,0.012618
WASHINGT,1982,0.038523
WASHINGT,1983,0.101098
WASHINGT,1984,0.264506
WASHINGT,1985,0.593274
WASHINGT,1986,1.096045
WASHINGT,1987,1.622233
WASHINGT,1988,3.071861
WASHINGT,1989,3.182655
WASHINGT,1990,2.262074
WASHINGT,1991,2.541985
WASHINGT,1992,1.908903
WASHINGT,1993,1.730234
WASHINGT,1994,1.46375
WASHINGT,1995,1.211903
WASHINGT,1996,0.762487
WASHINGT,1997,0.715372
WASHINGT,1998,1.170622
WASHINGT,1999,1.042687
WASHINGT,2000,0.807234
WICHITA,1980,-0.01432
WICHITA,1981,0.004644
WICHITA,1982,-0.01603
WICHITA,1983,-0.01432
WICHITA,1984,0.041448
WICHITA,1985,0.01505
WICHITA,1986,0.011913
WICHITA,1987,-0.01278
WICHITA,1988,0.027043
WICHITA,1989,0.010023
WICHITA,1990,0.024142
WICHITA,1991,0.045366
WICHITA,1992,0.023255
WICHITA,1993,0.039138
WICHITA,1994,0.029816
WICHITA,1995,0.003162
WICHITA,1996,0.002253
WICHITA,1997,0.029171
WICHITA,1998,0.110363
WICHITA,1999,0.07272
WICHITA,2000,0.132829
WINSTON-,1980,-0.05376
WINSTON-,1981,0.027142
WINSTON-,1982,-0.03841
WINSTON-,1983,-0.04215
WINSTON-,1984,0.107178
WINSTON-,1985,0.018186
WINSTON-,1986,0.198091
WINSTON-,1987,-0.0366
WINSTON-,1988,0.069248
WINSTON-,1989,0.141811
WINSTON-,1990,0.451127
WINSTON-,1991,0.60134
WINSTON-,1992,0.278726
WINSTON-,1993,0.169355
WINSTON-,1994,0.192916
WINSTON-,1995,0.215254
WINSTON-,1996,0.261762
WINSTON-,1997,0.506825
WINSTON-,1998,0.466309
WINSTON-,1999,0.049439
WINSTON-,2000,0.411484
WORCEST,1980,-0.20273
WORCEST,1981,-0.12067
WORCEST,1982,0
WORCEST,1983,0.150951
WORCEST,1984,0.17245
WORCEST,1985,0.247593
WORCEST,1986,0.533246
WORCEST,1987,0.503874
WORCEST,1988,0.660671
WORCEST,1989,0.747424
WORCEST,1990,0.031358
WORCEST,1991,0.094712
WORCEST,1992,0.890067
WORCEST,1993,1.25367
WORCEST,1994,1.272426
WORCEST,1995,1.337236
WORCEST,1996,0.923168
WORCEST,1997,0.135756
WORCEST,1998,1.537836
WORCEST,1999,0.884512
WORCEST,2000,1.355783
YONKERS,1980,-0.11763
YONKERS,1981,-0.12776
YONKERS,1982,-0.10703
YONKERS,1983,0.034209
YONKERS,1984,0.373257
YONKERS,1985,0.358254
YONKERS,1986,2.688144
YONKERS,1987,2.007787
YONKERS,1988,2.761927
YONKERS,1989,3.242202
YONKERS,1990,2.52319
YONKERS,1991,2.005441
YONKERS,1992,2.14258
YONKERS,1993,2.048492
YONKERS,1994,2.139928
YONKERS,1995,1.865772
YONKERS,1996,1.496838
YONKERS,1997,2.392226
YONKERS,1998,1.774408
YONKERS,1999,1.681619
YONKERS,2000,1.508428
